date,airline,airplane,IATA,arrive
20200322,  대한항공,KE624,MNL,도착
20200322,  대한항공,KE012,LAX,도착
20200322,  대한항공,KE026,SFO,도착
20200322,  아시아나항공,OZ704,MNL,도착
20200322,  대한항공,KE632,CEB,도착
20200322,  아에로멕시코,AM090,MEX,취소
20200322,  아시아나항공,OZ708,CRK,도착
20200322,  아시아나항공,OZ710,CEB,도착
20200322,  아시아나항공,OZ7363,SGN,도착
20200322,  타이항공,TG656,BKK,도착
20200322,  아시아나항공,OZ740,PNH,도착
20200322,  대한항공,KE654,BKK,도착
20200322,  대한항공,KE638,HKT,도착
20200322,  대한항공,KE1404,PUS,도착
20200322,  가루다인도네시아,GA870,DPS,도착
20200322,  오로라항공,HZ5450,KHV,도착
20200322,  중화항공,CI160,TPE,도착
20200322,  산동항공,SC4617,TAO,도착
20200322,  중국남방항공,CZ681,SHE,도착
20200322,  오로라항공,HZ5496,UUS,도착
20200322,  아시아나항공,OZ542,FRA,도착
20200322,  오로라항공,HZ5436,VVO,도착
20200322,  하문항공,MF871,XMN,도착
20200322,  대한항공,KE832,SHE,도착
20200322,  중국국제항공,CA143,YNJ,도착
20200322,  대한항공,KE908,LHR,도착
20200322,  아시아나항공,OZ352,YNJ,도착
20200322,  대한항공,KE074,YYZ,도착
20200322,  네덜란드항공,KL855,AMS,도착
20200322,  에티오피안항공,ET672,ADD,지연
20200322,  대한항공,KE902,CDG,도착
20200322,  아시아나항공,OZ364,PVG,지연
20200322,  델타항공,DL199,SEA,도착
20200322,  아시아나항공,OZ221,JFK,도착
20200322,  대한항공,KE082,JFK,도착
20200322,  델타항공,DL159,DTW,도착
20200322,  대한항공,KE094,IAD,지연
20200322,  카타르항공,QR858,DOH,도착
20200322,  중국국제항공,CA125,PEK,도착
20200322,  에미레이트항공,EK322,DXB,도착
20200322,  아시아나항공,OZ348,XIY,지연
20200322,  대한항공,KE898,PVG,도착
20200322,  대한항공,KE660,BKK,도착
20200322,  일본항공,JL8951,NRT,도착
20200322,  아시아나항공,OZ201,LAX,도착
20200322,  대한항공,KE072,YVR,도착
20200322,  대한항공,KE054,HNL,도착
20200322,  대한항공,KE636,CRK,도착
20200322,  아시아나항공,OZ334,PEK,지연
20200322,  장영항공(長榮),BR160,TPE,도착
20200322,  진에어,LJ022,CEB,도착
20200322,  아시아나항공,OZ624,SPN,도착
20200322,  대한항공,KE114,GUM,도착
20200322,  대한항공,KE002,HNL,도착
20200322,  아시아나항공,OZ310,WEH,지연
20200322,  우즈베키스탄항공,HY3553,TAS,지연
20200322,  제주항공,7C1363,KIX,도착
20200322,  청도항공,QW9901,TAO,도착
20200322,  제주항공,7C1169,NRT,도착
20200323,  에티오피안항공,ET673,NRT,도착
20200323,  대한항공,KE854,PEK,지연
20200323,  대한항공,KE624,MNL,도착
20200323,  대한항공,KE012,LAX,도착
20200323,  대한항공,KE026,SFO,도착
20200323,  제주항공,7C2306,MNL,도착
20200323,  아시아나항공,OZ324,CTU,도착
20200323,  아시아나항공,OZ704,MNL,도착
20200323,  대한항공,KE632,CEB,도착
20200323,  아시아나항공,OZ708,CRK,도착
20200323,  대한항공,KE690,PNH,도착
20200323,  아시아나항공,OZ710,CEB,도착
20200323,  타이항공,TG656,BKK,도착
20200323,  아시아나항공,OZ762,CGK,도착
20200323,  대한항공,KE654,BKK,도착
20200323,  영국항공,BA17,LHR,도착
20200323,  대한항공,KE1404,PUS,도착
20200323,  가루다인도네시아,GA870,DPS,도착
20200323,  대한항공,KE630,DPS,도착
20200323,  아시아나항공,OZ610,ROR,도착
20200323,  에어아스타나항공,KC909,ALA,도착
20200323,  중국동방항공,MU579,NKG,도착
20200323,  중화항공,CI160,TPE,도착
20200323,  산동항공,SC4617,TAO,도착
20200323,  중국남방항공,CZ681,SHE,도착
20200323,  아시아나항공,OZ542,FRA,도착
20200323,  오로라항공,HZ5436,VVO,도착
20200323,  대한항공,KE832,SHE,지연
20200323,  중국국제항공,CA143,YNJ,도착
20200323,  대한항공,KE908,LHR,도착
20200323,  중국동방항공,MU267,YNT,도착
20200323,  아시아나항공,OZ352,YNJ,도착
20200323,  유나이티드항공,UA893,SFO,도착
20200323,  싱가폴항공,SQ600,SIN,도착
20200323,  대한항공,KE902,CDG,도착
20200323,  아시아나항공,OZ364,PVG,지연
20200323,  에어캐나다,AC063,YVR,도착
20200323,  아시아나항공,OZ221,JFK,도착
20200323,  대한항공,KE082,JFK,도착
20200323,  대한항공,KE038,ORD,도착
20200323,  중국남방항공,CZ695,DLC,도착
20200323,  카타르항공,QR858,DOH,도착
20200323,  중국국제항공,CA125,PEK,도착
20200323,  아시아나항공,OZ370,CAN,도착
20200323,  대한항공,KE898,PVG,지연
20200323,  대한항공,KE036,ATL,도착
20200323,  대한항공,KE660,BKK,도착
20200323,  아시아나항공,OZ201,LAX,도착
20200323,  아시아나항공,OZ231,HNL,도착
20200323,  대한항공,KE072,YVR,도착
20200323,  대한항공,KE054,HNL,도착
20200323,  중국남방항공,CZ683,HRB,도착
20200323,  장영항공(長榮),BR160,TPE,도착
20200323,  대한항공,KE002,HNL,도착
20200323,  제주항공,7C1363,KIX,도착
20200323,  에어아시아 엑스,D7508,KUL,도착
20200323,  제주항공,7C1169,NRT,도착
20200324,  대한항공,KE624,MNL,도착
20200324,  제주항공,7C4704,SGN,도착
20200324,  대한항공,KE026,SFO,도착
20200324,  대한항공,KE012,LAX,도착
20200324,  아시아나항공,OZ704,MNL,도착
20200324,  대한항공,KE696,KTM,도착
20200324,  대한항공,KE684,SGN,도착
20200324,  대한항공,KE690,PNH,도착
20200324,  아시아나항공,OZ7363,SGN,도착
20200324,  타이항공,TG656,BKK,도착
20200324,  아시아나항공,OZ740,PNH,도착
20200324,  대한항공,KE654,BKK,도착
20200324,  가루다인도네시아,GA870,DPS,도착
20200324,  오로라항공,HZ5450,KHV,도착
20200324,  중화항공,CI160,TPE,도착
20200324,  산동항공,SC4617,TAO,도착
20200324,  중국남방항공,CZ681,SHE,도착
20200324,  에티하드,EY876,AUH,도착
20200324,  중국동방항공,MU5041,PVG,도착
20200324,  아시아나항공,OZ542,FRA,도착
20200324,  중국남방항공,CZ687,CGQ,도착
20200324,  오로라항공,HZ5436,VVO,도착
20200324,  대한항공,KE854,PEK,도착
20200324,  대한항공,KE908,LHR,도착
20200324,  싱가폴항공,SQ600,SIN,도착
20200324,  네덜란드항공,KL855,AMS,도착
20200324,  대한항공,KE692,TPE,도착
20200324,  대한항공,KE902,CDG,도착
20200324,  델타항공,DL199,SEA,도착
20200324,  에어캐나다,AC063,YVR,도착
20200324,  대한항공,KE082,JFK,도착
20200324,  아시아나항공,OZ221,JFK,도착
20200324,  델타항공,DL159,DTW,도착
20200324,  카타르항공,QR858,DOH,도착
20200324,  중국국제항공,CA125,PEK,도착
20200324,  에미레이트항공,EK322,DXB,도착
20200324,  아시아나항공,OZ712,TPE,도착
20200324,  대한항공,KE036,ATL,도착
20200324,  대한항공,KE660,BKK,도착
20200324,  아시아나항공,OZ7223,HKG,도착
20200324,  아시아나항공,OZ201,LAX,도착
20200324,  대한항공,KE636,CRK,도착
20200324,  장영항공(長榮),BR160,TPE,도착
20200324,  대한항공,KE002,HNL,도착
20200324,  중화항공,CI162,TPE,도착
20200324,  제주항공,7C1363,KIX,도착
20200324,  제주항공,7C1169,NRT,도착
20200325,  대한항공,KE624,MNL,도착
20200325,  제주항공,7C4704,SGN,도착
20200325,  대한항공,KE026,SFO,도착
20200325,  대한항공,KE012,LAX,도착
20200325,  제주항공,7C2306,MNL,도착
20200325,  아시아나항공,OZ704,MNL,도착
20200325,  대한항공,KE632,CEB,도착
20200325,  아시아나항공,OZ7363,SGN,도착
20200325,  타이항공,TG656,BKK,도착
20200325,  대한항공,KE654,BKK,도착
20200325,  영국항공,BA17,LHR,도착
20200325,  가루다인도네시아,GA870,DPS,도착
20200325,  중화항공,CI160,TPE,도착
20200325,  산동항공,SC4617,TAO,도착
20200325,  중국남방항공,CZ681,SHE,도착
20200325,  오로라항공,HZ5496,UUS,도착
20200325,  중국동방항공,MU5041,PVG,도착
20200325,  오로라항공,HZ5436,VVO,도착
20200325,  대한항공,KE832,SHE,지연
20200325,  중국국제항공,CA143,YNJ,도착
20200325,  대한항공,KE908,LHR,도착
20200325,  에어아시아 엑스,D7504,KUL,도착
20200325,  중국동방항공,MU267,YNT,도착
20200325,  아시아나항공,OZ352,YNJ,도착
20200325,  에티오피안항공,ET672,ADD,도착
20200325,  대한항공,KE692,TPE,도착
20200325,  대한항공,KE902,CDG,도착
20200325,  아시아나항공,OZ364,PVG,지연
20200325,  아시아나항공,OZ221,JFK,도착
20200325,  대한항공,KE082,JFK,도착
20200325,  대한항공,KE038,ORD,도착
20200325,  대한항공,KE094,IAD,도착
20200325,  카타르항공,QR858,DOH,도착
20200325,  중국국제항공,CA125,PEK,도착
20200325,  아시아나항공,OZ712,TPE,도착
20200325,  대한항공,KE898,PVG,도착
20200325,  대한항공,KE660,BKK,도착
20200325,  아시아나항공,OZ201,LAX,도착
20200325,  대한항공,KE054,HNL,도착
20200325,  대한항공,KE072,YVR,도착
20200325,  장영항공(長榮),BR160,TPE,도착
20200325,  진에어,LJ022,CEB,도착
20200325,  중국남방항공,CZ683,HRB,도착
20200325,  대한항공,KE002,HNL,도착
20200325,  제주항공,7C1363,KIX,도착
20200325,  에티오피안항공,ET673,NRT,도착
20200325,  제주항공,7C1169,NRT,도착
20200326,  대한항공,KE624,MNL,도착
20200326,  대한항공,KE026,SFO,도착
20200326,  대한항공,KE012,LAX,도착
20200326,  대한항공,KE684,SGN,도착
20200326,  대한항공,KE690,PNH,도착
20200326,  아시아나항공,OZ7363,SGN,도착
20200326,  아시아나항공,OZ740,PNH,도착
20200326,  아시아나항공,OZ762,CGK,도착
20200326,  대한항공,KE654,BKK,도착
20200326,  아시아나항공,OZ7283,HAN,도착
20200326,  대한항공,KE854,PEK,도착
20200326,  중화항공,CI160,TPE,도착
20200326,  중국남방항공,CZ681,SHE,도착
20200326,  중국동방항공,MU5041,PVG,도착
20200326,  아시아나항공,OZ542,FRA,도착
20200326,  오로라항공,HZ5450,KHV,도착
20200326,  중국남방항공,CZ687,CGQ,도착
20200326,  아시아나항공,OZ310,WEH,지연
20200326,  대한항공,KE908,LHR,도착
20200326,  유나이티드항공,UA893,SFO,도착
20200326,  대한항공,KE074,YYZ,도착
20200326,  네덜란드항공,KL855,AMS,도착
20200326,  대한항공,KE692,TPE,도착
20200326,  델타항공,DL199,SEA,도착
20200326,  아시아나항공,OZ221,JFK,도착
20200326,  대한항공,KE082,JFK,도착
20200326,  중국남방항공,CZ695,DLC,도착
20200326,  델타항공,DL159,DTW,도착
20200326,  카타르항공,QR858,DOH,도착
20200326,  아시아나항공,OZ370,CAN,도착
20200326,  중국국제항공,CA125,PEK,도착
20200326,  아시아나항공,OZ348,XIY,지연
20200326,  아시아나항공,OZ712,TPE,도착
20200326,  대한항공,KE036,ATL,도착
20200326,  대한항공,KE660,BKK,도착
20200326,  대한항공,KE866,CAN,도착
20200326,  아시아나항공,OZ201,LAX,도착
20200326,  대한항공,KE636,CRK,도착
20200326,  장영항공(長榮),BR160,TPE,도착
20200326,  진에어,LJ022,CEB,도착
20200326,  대한항공,KE002,HNL,도착
20200326,  미얀마국제항공,8M801,RGN,도착
20200326,  중화항공,CI162,TPE,도착
20200326,  제주항공,7C1363,KIX,도착
20200326,  제주항공,7C1169,NRT,도착
20200327,  대한항공,KE624,MNL,도착
20200327,  대한항공,KE012,LAX,도착
20200327,  대한항공,KE026,SFO,도착
20200327,  제주항공,7C2306,MNL,도착
20200327,  아시아나항공,OZ704,MNL,도착
20200327,  대한항공,KE632,CEB,도착
20200327,  대한항공,KE684,SGN,도착
20200327,  아시아나항공,OZ7363,SGN,도착
20200327,  아시아나항공,OZ5223,LHR,도착
20200327,  싱가폴항공,SQ608,SIN,도착
20200327,  가루다인도네시아,GA878,CGK,도착
20200327,  대한항공,KE654,BKK,도착
20200327,  에어아시아 엑스,D7506,KUL,도착
20200327,  영국항공,BA17,LHR,도착
20200327,  에어아스타나항공,KC209,TSE,도착
20200327,  산동항공,SC4095,TNA,도착
20200327,  중국동방항공,MU579,NKG,도착
20200327,  중화항공,CI160,TPE,도착
20200327,  산동항공,SC4617,TAO,도착
20200327,  중국남방항공,CZ681,SHE,도착
20200327,  중국동방항공,MU5041,PVG,도착
20200327,  오로라항공,HZ5436,VVO,도착
20200327,  대한항공,KE832,SHE,도착
20200327,  중국국제항공,CA143,YNJ,도착
20200327,  대한항공,KE908,LHR,도착
20200327,  중국동방항공,MU267,YNT,도착
20200327,  아시아나항공,OZ352,YNJ,도착
20200327,  싱가폴항공,SQ600,SIN,도착
20200327,  대한항공,KE692,TPE,도착
20200327,  대한항공,KE902,CDG,도착
20200327,  아시아나항공,OZ364,PVG,도착
20200327,  델타항공,DL199,SEA,도착
20200327,  에어캐나다,AC063,YVR,도착
20200327,  아시아나항공,OZ221,JFK,도착
20200327,  대한항공,KE082,JFK,도착
20200327,  대한항공,KE094,IAD,도착
20200327,  델타항공,DL159,DTW,도착
20200327,  카타르항공,QR858,DOH,도착
20200327,  중국국제항공,CA125,PEK,도착
20200327,  아시아나항공,OZ712,TPE,도착
20200327,  대한항공,KE898,PVG,도착
20200327,  대한항공,KE660,BKK,도착
20200327,  아시아나항공,OZ7223,HKG,도착
20200327,  일본항공,JL8951,NRT,도착
20200327,  아시아나항공,OZ201,LAX,도착
20200327,  대한항공,KE072,YVR,도착
20200327,  장영항공(長榮),BR160,TPE,도착
20200327,  대한항공,KE002,NRT,도착
20200327,  청도항공,QW9901,TAO,도착
20200327,  제주항공,7C1363,KIX,도착
20200327,  제주항공,7C1169,NRT,도착
20200328,  제주항공,7C4704,SGN,도착
20200328,  대한항공,KE624,MNL,도착
20200328,  대한항공,KE012,LAX,도착
20200328,  대한항공,KE026,SFO,도착
20200328,  아시아나항공,OZ704,MNL,도착
20200328,  아에로멕시코,AM9978,TIJ,도착
20200328,  대한항공,KE690,PNH,도착
20200328,  아시아나항공,OZ7363,SGN,도착
20200328,  아시아나항공,OZ740,PNH,도착
20200328,  아시아나항공,OZ762,CGK,도착
20200328,  에티오피안항공,ET8402,ADD,지연
20200328,  대한항공,KE654,BKK,도착
20200328,  가루다인도네시아,GA870,DPS,도착
20200328,  대한항공,KE854,PEK,지연
20200328,  중화항공,CI160,TPE,도착
20200328,  러시아항공,SU250,SVO,도착
20200328,  중국남방항공,CZ681,SHE,도착
20200328,  중국동방항공,MU5041,PVG,도착
20200328,  아시아나항공,OZ542,FRA,도착
20200328,  오로라항공,HZ5436,VVO,도착
20200328,  제주항공,7C8502,WEH,지연
20200328,  중국국제항공,CA143,YNJ,도착
20200328,  대한항공,KE908,LHR,도착
20200328,  유나이티드항공,UA893,SFO,도착
20200328,  대한항공,KE692,TPE,도착
20200328,  에어캐나다,AC063,YVR,도착
20200328,  아시아나항공,OZ221,JFK,도착
20200328,  대한항공,KE082,JFK,도착
20200328,  대한항공,KE038,ORD,도착
20200328,  델타항공,DL159,DTW,도착
20200328,  카타르항공,QR858,DOH,도착
20200328,  중국국제항공,CA125,PEK,도착
20200328,  아시아나항공,OZ370,CAN,도착
20200328,  아시아나항공,OZ712,TPE,도착
20200328,  대한항공,KE036,ATL,도착
20200328,  대한항공,KE660,BKK,도착
20200328,  아시아나항공,OZ231,HNL,도착
20200328,  아시아나항공,OZ201,LAX,도착
20200328,  대한항공,KE054,HNL,도착
20200328,  대한항공,KE636,CRK,도착
20200328,  아시아나항공,OZ340,HRB,지연
20200328,  장영항공(長榮),BR160,TPE,도착
20200328,  진에어,LJ022,CEB,도착
20200328,  대한항공,KE002,NRT,도착
20200328,  아시아나항공,OZ7747,VDO,도착
20200328,  청도항공,QW9901,TAO,도착
20200328,  제주항공,7C1363,KIX,도착
20200328,  제주항공,7C1169,NRT,도착
20200329,  대한항공,KE624,MNL,도착
20200329,  제주항공,7C4704,SGN,도착
20200329,  대한항공,KE012,LAX,도착
20200329,  대한항공,KE026,SFO,도착
20200329,  비엣제트 항공,VJ836,CXR,
20200329,  팬퍼시픽항공,8Y700,KLO,취소
20200329,  팬퍼시픽항공,8Y600,CEB,취소
20200329,  비엣제트 항공,VJ880,DAD,
20200329,  아시아나항공,OZ568,ULN,도착
20200329,  비엣제트 항공,VJ864,SGN,
20200329,  비엣제트 항공,VJ962,HAN,
20200329,  대한항공,KE632,CEB,도착
20200329,  비엣제트 항공,VJ926,HPH,
20200329,  비엣제트 항공,VJ878,DAD,
20200329,  아시아나항공,OZ7363,SGN,도착
20200329,  아시아나항공,OZ5223,LHR,도착
20200329,  아시아나항공,OZ7403,PNH,도착
20200329,  비엣제트 항공,VJ960,HAN,
20200329,  대한항공,KE654,BKK,도착
20200329,  가루다인도네시아,GA878,CGK,도착
20200329,  대한항공,KE638,HKT,도착
20200329,  영국항공,BA17,LHR,도착
20200329,  핀란드항공,AY41,HEL,도착
20200329,  비엣제트 항공,VJ862,SGN,
20200329,  오로라항공,HZ5450,KHV,도착
20200329,  중화항공,CI160,TPE,도착
20200329,  중국남방항공,CZ681,SHE,도착
20200329,  아시아나항공,OZ542,FRA,도착
20200329,  오로라항공,HZ5436,VVO,도착
20200329,  오로라항공,HZ5496,UUS,도착
20200329,  하문항공,MF871,XMN,도착
20200329,  몽골항공,OM301,ULN,취소
20200329,  대한항공,KE908,LHR,도착
20200329,  에티오피안항공,ET672,ADD,도착
20200329,  델타항공,DL197,SEA,도착
20200329,  대한항공,KE074,YYZ,도착
20200329,  네덜란드항공,KL855,AMS,
20200329,  대한항공,KE902,CDG,도착
20200329,  아시아나항공,OZ364,PVG,지연
20200329,  대한항공,KE082,JFK,도착
20200329,  아시아나항공,OZ221,JFK,도착
20200329,  델타항공,DL159,DTW,도착
20200329,  대한항공,KE094,IAD,도착
20200329,  카타르항공,QR858,DOH,도착
20200329,  대한항공,KE866,CAN,도착
20200329,  대한항공,KE660,BKK,도착
20200329,  아시아나항공,OZ201,LAX,도착
20200329,  대한항공,KE072,YVR,도착
20200329,  장영항공(長榮),BR160,TPE,도착
20200329,  대한항공,KE002,NRT,도착
20200329,  타이항공,TG654,BKK,도착
20200329,  비엣제트 항공,VJ874,DAD,
20200329,  제주항공,7C1363,KIX,도착
20200329,  비엣제트 항공,VJ838,CXR,
20200329,  비엣제트 항공,VJ974,PQC,
20200329,  오로라항공,HZ5434,VVO,도착
20200329,  제주항공,7C1109,NRT,도착
20200329,  에티오피안항공,ET673,NRT,도착
20200329,  대한항공,KE122,SYD,도착
20200329,  비엣제트 항공,VJ944,DLI,
20200330,  대한항공,KE854,PEK,도착
20200330,  타이거 에어 타이완,IT600,TPE,
20200330,  뱀부항공,QH492,CXR,
20200330,  제주항공,7C2306,MNL,
20200330,  피치항공,MM809,HND,
20200330,  대한항공,KE026,SFO,도착
20200330,  대한항공,KE012,LAX,도착
20200330,  대한항공,KE624,MNL,취소
20200330,  티웨이항공,TW302,GUM,
20200330,  팬퍼시픽항공,8Y700,KLO,취소
20200330,  뱀부항공,QH450,HAN,
20200330,  팬퍼시픽항공,8Y600,CEB,취소
20200330,  티웨이항공,TW308,SPN,
20200330,  중국동방항공,MU2023,CSX,
20200330,  필리핀항공,PR466,MNL,
20200330,  필리핀에어아시아,Z2036,KLO,
20200330,  아에로멕시코,AM090,MEX,
20200330,  필리핀항공,PR484,CEB,
20200330,  아시아나항공,OZ626,SPN,
20200330,  타이항공,TG658,BKK,
20200330,  대한항공,KE652,BKK,도착
20200330,  제주항공,7C2406,CEB,
20200330,  타이항공,TG656,BKK,
20200330,  대한항공,KE690,PNH,도착
20200330,  진에어,LJ096,JHB,도착
20200330,  라오항공,QV921,VTE,
20200330,  말레이시아항공,MH066,KUL,
20200330,  프랑스항공,AF264,CDG,
20200330,  제주항공,7C2804,HAN,도착
20200330,  영국항공,BA17,LHR,도착
20200330,  싱가폴항공,SQ608,SIN,
20200330,  아시아나항공,OZ710,CEB,
20200330,  아시아나항공,OZ7283,HAN,도착
20200330,  아시아나항공,OZ762,CGK,도착
20200330,  핀란드항공,AY41,HEL,
20200330,  대한항공,KE9654,BKK,도착
20200330,  우즈베키스탄항공,HY511,TAS,
20200330,  가루다인도네시아,GA878,CGK,
20200330,  에어아시아 엑스,D7506,KUL,도착
20200330,  독일항공,LH718,MUC,
20200330,  가루다인도네시아,GA870,DPS,도착
20200330,  아시아나항공,OZ5743,TAS,도착
20200330,  피치항공,MM001,KIX,
20200330,  에어아스타나항공,KC909,ALA,
20200330,  싱가폴항공,SQ612,SIN,
20200330,  타이에어아시아엑스,XJ700,DMK,
20200330,  중국남방항공,CZ685,DLC,
20200330,  에어인디아,AI312,DEL,취소
20200330,  중화항공,CI164,KHH,
20200330,  중국동방항공,MU549,YNT,
20200330,  장영항공(長榮),BR170,TPE,
20200330,  중국동방항공,MU2039,TAO,
20200330,  중화항공,CI160,TPE,도착
20200330,  중국동방항공,MU579,NKG,
20200330,  중국동방항공,MU5085,PVG,
20200330,  중국남방항공,CZ313,PVG,
20200330,  체코항공,OK190,PRG,
20200330,  오로라항공,HZ5436,VVO,
20200330,  오로라항공,HZ5436,VVO,도착
20200330,  중국국제항공,CA123,PEK,
20200330,  오로라항공,HZ5450,KHV,
20200330,  중국남방항공,CZ683,HRB,
20200330,  오로라항공,HZ5450,KHV,도착
20200330,  중국국제항공,CA171,TSN,
20200330,  아시아나항공,OZ542,FRA,도착
20200330,  중국동방항공,MU5041,PVG,
20200330,  중국국제항공,CA139,HGH,
20200330,  필리핀에어아시아,Z2884,MNL,
20200330,  중국동방항공,MU2033,TAO,
20200330,  제주항공,7C8402,TAO,
20200330,  이스타항공,ZE642,FUK,
20200330,  캐세이퍼시픽항공,CX434,HKG,
20200330,  중국국제항공,CA401,CTU,
20200330,  하문항공,MF871,XMN,
20200330,  몽골항공,OM301,ULN,취소
20200330,  터키항공,TK88,IST,
20200330,  이스타항공,ZE612,KIX,
20200330,  티웨이항공,TW282,KIX,
20200330,  중국국제항공,CA143,YNJ,
20200330,  중국동방항공,MU5021,XIY,
20200330,  중국동방항공,MU2017,WEH,
20200330,  에어마카오,NX822,MFM,
20200330,  중국남방항공,CZ6073,YNJ,
20200330,  이스타항공,ZE606,NRT,
20200330,  중국국제항공,CA439,CKG,
20200330,  중국국제항공,CA135,PEK,
20200330,  티웨이항공,TW292,FUK,
20200330,  에어캐나다,AC063,YVR,도착
20200330,  중국남방항공,CZ337,CAN,
20200330,  제주항공,7C8502,WEH,
20200330,  캐세이퍼시픽항공,CX410,HKG,
20200330,  중국국제항공,CA131,PEK,
20200330,  대한항공,KE908,LHR,도착
20200330,  이스타항공,ZE602,NRT,
20200330,  티웨이항공,TW212,NRT,
20200330,  중국동방항공,MU267,YNT,
20200330,  피치항공,MM005,KIX,
20200330,  네덜란드항공,KL855,AMS,도착
20200330,  유나이티드항공,UA893,SFO,도착
20200330,  대한항공,KE9926,AMS,도착
20200330,  아메리칸항공,AA281,DFW,
20200330,  중국동방항공,MU2003,KMG,
20200330,  중국동방항공,MU5033,PVG,
20200330,  에어아시아 엑스,D7504,KUL,
20200330,  중국남방항공,CZ3061,CAN,
20200330,  싱가폴항공,SQ600,SIN,
20200330,  중국동방항공,MU559,TAO,
20200330,  필리핀에어아시아,Z2038,KLO,
20200330,  타이항공,TG634,BKK,
20200330,  중국국제항공,CA801,TSN,
20200330,  베트남항공,VN404,SGN,
20200330,  중국국제항공,CA125,PEK,
20200330,  에어캐나다,AC061,YYZ,
20200330,  대한항공,KE094,IAD,도착
20200330,  카타르항공,QR858,DOH,도착
20200330,  에미레이트항공,EK322,DXB,취소
20200330,  티웨이항공,TW238,NGO,
20200330,  아시아나항공,OZ231,HNL,도착
20200330,  대한항공,KE866,CAN,도착
20200330,  대한항공,KE082,JFK,도착
20200330,  아시아나항공,OZ221,JFK,도착
20200330,  상해항공,FM827,PVG,
20200330,  대한항공,KE660,BKK,도착
20200330,  아시아나항공,OZ201,LAX,도착
20200330,  터키항공,TK90,IST,
20200330,  대한항공,KE054,HNL,도착
20200330,  대한항공,KE072,YVR,도착
20200330,  대한항공,KE018,LAX,도착
20200330,  이스타항공,ZE644,FUK,
20200330,  장영항공(長榮),BR160,TPE,도착
20200330,  중국남방항공,CZ6087,MDG,
20200330,  아시아나항공,OZ602,SYD,
20200330,  캐세이퍼시픽항공,CX418,HKG,
20200330,  필리핀항공,PR468,MNL,
20200330,  중화항공,CI162,TPE,
20200330,  장영항공(長榮),BR172,KHH,
20200330,  필리핀에어아시아,Z29048,CEB,
20200330,  이스타항공,ZE614,KIX,
20200330,  대한항공,KE002,NRT,도착
20200330,  중국남방항공,CZ369,PVG,
20200330,  피치항공,MM009,KIX,
20200330,  타이항공,TG654,BKK,
20200330,  캐세이퍼시픽항공,CX430,HKG,
20200330,  티웨이항공,TW286,KIX,
20200330,  중국남방항공,CZ671,SHE,
20200330,  중국동방항공,MU2043,TAO,
20200330,  에어마카오,NX826,MFM,
20200330,  중국동방항공,MU5051,PVG,
20200330,  중국남방항공,CZ339,HAK,
20200330,  중국남방항공,CZ675,DLC,
20200330,  중국동방항공,MU5049,YNT,
20200330,  중국남방항공,CZ315,PEK,
20200330,  중국남방항공,CZ637,CGQ,
20200330,  이스타항공,ZE604,NRT,
20200330,  캐세이퍼시픽항공,CX416,HKG,
20200330,  아시아나항공,OZ7747,VDO,도착
20200330,  티웨이항공,TW214,NRT,
20200330,  피치항공,MM011,KIX,
20200330,  필리핀항공,PR492,CRK,
20200330,  싱가폴항공,SQ602,SIN,
20200330,  제주항공,7C3173,GUM,
20200330,  제주항공,7C1363,KIX,도착
20200330,  티웨이항공,TW294,FUK,
20200330,  뱀부항공,QH482,DAD,
20200330,  필리핀에어아시아,Z2888,MNL,
20200330,  청도항공,QW9901,TAO,
20200330,  타이에어아시아엑스,XJ702,DMK,
20200330,  제주항공,7C1109,NRT,도착
20200330,  제주항공,7C1109,NRT,
20200330,  오로라항공,HZ5484,VVO,
20200330,  장영항공(長榮),BR150,TPE,
20200331,  대한항공,KE854,PEK,
20200331,  대한항공,KE026,SFO,
20200331,  대한항공,KE624,MNL,
20200331,  팬퍼시픽항공,8Y700,KLO,
20200331,  대한항공,KE012,LAX,
20200331,  팬퍼시픽항공,8Y600,CEB,
20200331,  진에어,LJ082,TPE,
20200331,  필리핀에어아시아,Z2036,KLO,
20200331,  아에로멕시코,AM090,MEX,취소
20200331,  아시아나항공,OZ6023,SYD,도착
20200331,  대한항공,KE684,SGN,
20200331,  대한항공,KE652,BKK,
20200331,  대한항공,KE690,PNH,
20200331,  아시아나항공,OZ740,PNH,도착
20200331,  제주항공,7C2804,HAN,도착
20200331,  대한항공,KE9654,BKK,
20200331,  가루다인도네시아,GA870,DPS,도착
20200331,  아시아나항공,OZ742,BKK,
20200331,  제주항공,7C4704,SGN,도착
20200331,  에어인디아,AI312,DEL,취소
20200331,  중화항공,CI160,TPE,도착
20200331,  러시아항공,SU250,SVO,
20200331,  오로라항공,HZ5450,KHV,
20200331,  아시아나항공,OZ542,FRA,도착
20200331,  중국동방항공,MU5041,PVG,도착
20200331,  필리핀에어아시아,Z2884,MNL,
20200331,  몽골항공,OM301,ULN,도착
20200331,  에어캐나다,AC063,YVR,도착
20200331,  대한항공,KE908,LHR,
20200331,  네덜란드항공,KL855,AMS,
20200331,  델타항공,DL197,SEA,도착
20200331,  필리핀에어아시아,Z2038,KLO,
20200331,  대한항공,KE036,ATL,
20200331,  델타항공,DL159,DTW,도착
20200331,  대한항공,KE692,TPE,
20200331,  카타르항공,QR858,DOH,도착
20200331,  아시아나항공,OZ221,JFK,도착
20200331,  대한항공,KE082,JFK,
20200331,  아시아나항공,OZ712,TPE,도착
20200331,  아시아나항공,OZ7223,HKG,
20200331,  아시아나항공,OZ201,LAX,도착
20200331,  대한항공,KE660,BKK,
20200331,  장영항공(長榮),BR160,TPE,
20200331,  중화항공,CI162,TPE,도착
20200331,  필리핀에어아시아,Z29048,CEB,
20200331,  대한항공,KE002,NRT,
20200331,  제주항공,7C1363,KIX,
20200331,  필리핀에어아시아,Z2888,MNL,
20200331,  청도항공,QW9901,TAO,도착
20200331,  필리핀에어아시아,Z27046,CEB,
20200331,  제주항공,7C1109,NRT,
20200401,  대한항공,KE026,SFO,
20200401,  대한항공,KE624,MNL,
20200401,  팬퍼시픽항공,8Y700,KLO,
20200401,  대한항공,KE012,LAX,
20200401,  아시아나항공,OZ704,MNL,
20200401,  팬퍼시픽항공,8Y600,CEB,
20200401,  베트남항공,VN9416,HAN,도착
20200401,  아에로멕시코,AM090,MEX,취소
20200401,  대한항공,KE632,CEB,
20200401,  대한항공,KE652,BKK,
20200401,  베트남항공,VN6414,HAN,도착
20200401,  아시아나항공,OZ7363,SGN,
20200401,  베트남항공,VN6416,HAN,도착
20200401,  영국항공,BA17,LHR,도착
20200401,  대한항공,KE472,RGN,도착
20200401,  비엣제트 항공,VJ960,HAN,도착
20200401,  대한항공,KE9654,BKK,
20200401,  에어아시아 엑스,D7506,KUL,도착
20200401,  아시아나항공,OZ742,BKK,
20200401,  제주항공,7C4704,SGN,도착
20200401,  중화항공,CI160,TPE,도착
20200401,  중국국제항공,CA123,PEK,도착
20200401,  오로라항공,HZ5450,KHV,
20200401,  대한항공,KE788,FUK,
20200401,  오로라항공,HZ5436,VVO,
20200401,  몽골항공,OM301,ULN,취소
20200401,  제주항공,7C8502,WEH,
20200401,  대한항공,KE9928,MXP,도착
20200401,  대한항공,KE908,LHR,
20200401,  네덜란드항공,KL855,AMS,
20200401,  대한항공,KE902,CDG,
20200401,  대한항공,KE9926,AMS,
20200401,  싱가폴항공,SQ600,SIN,도착
20200401,  폴란드항공,LO8569,WAW,
20200401,  에티오피안항공,ET672,ADD,도착
20200401,  대한항공,KE038,ORD,
20200401,  대한항공,KE036,ATL,
20200401,  베트남항공,VN404,SGN,도착
20200401,  대한항공,KE692,TPE,
20200401,  카타르항공,QR858,DOH,도착
20200401,  대한항공,KE766,CTS,
20200401,  대한항공,KE866,CAN,
20200401,  대한항공,KE082,JFK,
20200401,  대한항공,KE622,MNL,
20200401,  아시아나항공,OZ221,JFK,지연
20200401,  아시아나항공,OZ712,TPE,도착
20200401,  대한항공,KE660,BKK,
20200401,  아시아나항공,OZ201,LAX,도착
20200401,  대한항공,KE072,YVR,
20200401,  장영항공(長榮),BR160,TPE,
20200401,  대한항공,KE002,NRT,
20200401,  중화항공,CI162,TPE,도착
20200401,  대한항공,KE114,GUM,
20200401,  에티하드,EY903,AUH,도착
20200401,  제주항공,7C1101,NRT,
20200401,  청도항공,QW9901,TAO,도착
20200401,  에티오피안항공,ET673,NRT,도착
20200402,  몽골항공,OM307,ULN,취소
20200402,  대한항공,KE854,PEK,
20200402,  제주항공,7C1363,KIX,도착
20200402,  대한항공,KE624,MNL,도착
20200402,  팬퍼시픽항공,8Y700,KLO,
20200402,  대한항공,KE012,LAX,
20200402,  팬퍼시픽항공,8Y600,CEB,
20200402,  진에어,LJ082,TPE,
20200402,  대한항공,KE684,SGN,
20200402,  대한항공,KE652,BKK,도착
20200402,  대한항공,KE690,PNH,도착
20200402,  베트남항공,VN6414,HAN,도착
20200402,  아시아나항공,OZ762,CGK,도착
20200402,  아시아나항공,OZ740,PNH,도착
20200402,  대한항공,KE472,RGN,도착
20200402,  아시아나항공,OZ7283,HAN,도착
20200402,  핀란드항공,AY41,HEL,도착
20200402,  에어아시아 엑스,D7506,KUL,도착
20200402,  가루다인도네시아,GA870,DPS,도착
20200402,  중화항공,CI160,TPE,도착
20200402,  대한항공,KE722,KIX,
20200402,  대한항공,KE744,NGO,
20200402,  아시아나항공,OZ1013,NRT,도착
20200402,  대한항공,KE646,SIN,도착
20200402,  대한항공,KE788,FUK,
20200402,  오로라항공,HZ5436,VVO,취소
20200402,  대한항공,KE648,SIN,도착
20200402,  몽골항공,OM301,ULN,도착
20200402,  제주항공,7C1363,KIX,도착
20200402,  대한항공,KE908,LHR,도착
20200402,  대한항공,KE902,CDG,
20200402,  일본항공,JL8951,NRT,도착
20200402,  유나이티드항공,UA893,SFO,도착
20200402,  델타항공,DL197,SEA,도착
20200402,  대한항공,KE892,YNJ,
20200402,  델타항공,DL159,DTW,도착
20200402,  대한항공,KE692,TPE,도착
20200402,  대한항공,KE094,IAD,도착
20200402,  카타르항공,QR858,DOH,도착
20200402,  대한항공,KE766,CTS,
20200402,  대한항공,KE082,JFK,도착
20200402,  아시아나항공,OZ221,JFK,도착
20200402,  대한항공,KE622,MNL,
20200402,  아시아나항공,OZ712,TPE,도착
20200402,  아시아나항공,OZ201,LAX,도착
20200402,  대한항공,KE660,BKK,도착
20200402,  장영항공(長榮),BR160,TPE,도착
20200402,  대한항공,KE002,NRT,도착
20200402,  미얀마국제항공,8M801,RGN,도착
20200402,  중화항공,CI162,TPE,도착
20200402,  제주항공,7C1101,NRT,도착
20200402,  청도항공,QW9901,TAO,도착
20200403,  대한항공,KE624,MNL,도착
20200403,  팬퍼시픽항공,8Y700,KLO,
20200403,  아시아나항공,OZ704,MNL,도착
20200403,  대한항공,KE012,LAX,도착
20200403,  팬퍼시픽항공,8Y600,CEB,
20200403,  대한항공,KE112,GUM,도착
20200403,  대한항공,KE632,CEB,도착
20200403,  대한항공,KE652,BKK,도착
20200403,  아시아나항공,OZ7363,SGN,도착
20200403,  아시아나항공,OZ5223,LHR,도착
20200403,  영국항공,BA17,LHR,도착
20200403,  대한항공,KE472,RGN,도착
20200403,  가루다인도네시아,GA878,CGK,도착
20200403,  에미레이트항공,EK9436,DXB,도착
20200403,  아시아나항공,OZ742,BKK,도착
20200403,  중국국제항공,CA617,PVG,도착
20200403,  대한항공,KE722,KIX,
20200403,  중화항공,CI160,TPE,도착
20200403,  산동항공,SC4617,TAO,도착
20200403,  대한항공,KE744,NGO,
20200403,  아시아나항공,OZ1013,NRT,도착
20200403,  대한항공,KE646,SIN,도착
20200403,  오로라항공,HZ5450,KHV,취소
20200403,  대한항공,KE788,FUK,
20200403,  대한항공,KE648,SIN,도착
20200403,  대한항공,KE832,SHE,도착
20200403,  제주항공,7C1363,KIX,도착
20200403,  라오항공,QV921,VTE,도착
20200403,  대한항공,KE908,LHR,지연
20200403,  대한항공,KE902,CDG,도착
20200403,  대한항공,KE926,AMS,
20200403,  대한항공,KE9926,AMS,도착
20200403,  델타항공,DL197,SEA,도착
20200403,  대한항공,KE038,ORD,도착
20200403,  대한항공,KE036,ATL,도착
20200403,  델타항공,DL159,DTW,도착
20200403,  대한항공,KE692,TPE,도착
20200403,  카타르항공,QR858,DOH,도착
20200403,  대한항공,KE870,DLC,도착
20200403,  대한항공,KE766,CTS,
20200403,  대한항공,KE866,CAN,도착
20200403,  아시아나항공,OZ221,JFK,도착
20200403,  대한항공,KE082,JFK,도착
20200403,  아시아나항공,OZ7223,HKG,도착
20200403,  아시아나항공,OZ712,TPE,도착
20200403,  아시아나항공,OZ201,LAX,도착
20200403,  대한항공,KE660,BKK,도착
20200403,  대한항공,KE122,SYD,지연
20200403,  대한항공,KE072,YVR,도착
20200403,  장영항공(長榮),BR160,TPE,도착
20200403,  진에어,LJ064,BKI,도착
20200403,  대한항공,KE002,NRT,지연
20200403,  에티하드,EY903,AUH,도착
20200403,  제주항공,7C1101,NRT,도착
20200403,  청도항공,QW9901,TAO,도착
20200403,  대한항공,KE8122,SYD,도착
20200404,  대한항공,KE854,PEK,도착
20200404,  대한항공,KE026,SFO,도착
20200404,  대한항공,KE624,MNL,도착
20200404,  진에어,LJ058,HAN,도착
20200404,  팬퍼시픽항공,8Y700,KLO,
20200404,  대한항공,KE012,LAX,도착
20200404,  아시아나항공,OZ704,MNL,도착
20200404,  팬퍼시픽항공,8Y600,CEB,
20200404,  대한항공,KE684,SGN,도착
20200404,  대한항공,KE652,BKK,도착
20200404,  대한항공,KE690,PNH,도착
20200404,  라오항공,QV923,VTE,도착
20200404,  아시아나항공,OZ762,CGK,도착
20200404,  아시아나항공,OZ740,PNH,도착
20200404,  아시아나항공,OZ578,ALA,도착
20200404,  말레이시아항공,MH066,KUL,도착
20200404,  핀란드항공,AY41,HEL,도착
20200404,  에어아시아 엑스,D7506,KUL,도착
20200404,  아시아나항공,OZ7283,HAN,도착
20200404,  가루다인도네시아,GA870,DPS,도착
20200404,  비엣제트 항공,VJ878,DAD,도착
20200404,  중국국제항공,CA617,PVG,도착
20200404,  중화항공,CI160,TPE,도착
20200404,  아시아나항공,OZ1013,NRT,도착
20200404,  오로라항공,HZ5436,VVO,취소
20200404,  몽골항공,OM301,ULN,취소
20200404,  제주항공,7C1363,KIX,도착
20200404,  네덜란드항공,KL855,AMS,도착
20200404,  델타항공,DL197,SEA,지연
20200404,  싱가폴항공,SQ600,SIN,도착
20200404,  대한항공,KE9742,NGO,도착
20200404,  델타항공,DL159,DTW,도착
20200404,  대한항공,KE094,IAD,도착
20200404,  카타르항공,QR858,DOH,도착
20200404,  대한항공,KE082,JFK,도착
20200404,  아시아나항공,OZ221,JFK,도착
20200404,  아시아나항공,OZ712,TPE,
20200404,  아시아나항공,OZ201,LAX,도착
20200404,  대한항공,KE660,BKK,도착
20200404,  대한항공,KE054,HNL,도착
20200404,  대한항공,KE072,YVR,도착
20200404,  장영항공(長榮),BR160,TPE,도착
20200404,  대한항공,KE122,SYD,도착
20200404,  대한항공,KE002,NRT,도착
20200404,  제주항공,7C1101,NRT,도착
20200405,  대한항공,KE026,SFO,도착
20200405,  대한항공,KE624,MNL,도착
20200405,  진에어,LJ058,HAN,도착
20200405,  대한항공,KE012,LAX,도착
20200405,  대한항공,KE632,CEB,도착
20200405,  대한항공,KE672,KUL,도착
20200405,  대한항공,KE652,BKK,도착
20200405,  아시아나항공,OZ762,CGK,도착
20200405,  아시아나항공,OZ7363,SGN,도착
20200405,  영국항공,BA17,LHR,도착
20200405,  가루다인도네시아,GA878,CGK,도착
20200405,  에미레이트항공,EK9436,DXB,도착
20200405,  중국국제항공,CA617,PVG,도착
20200405,  중화항공,CI160,TPE,도착
20200405,  중국남방항공,CZ681,SHE,도착
20200405,  하문항공,MF871,XMN,도착
20200405,  제주항공,7C1363,KIX,도착
20200405,  라오항공,QV921,VTE,도착
20200405,  대한항공,KE908,LHR,도착
20200405,  대한항공,KE902,CDG,도착
20200405,  에티오피안항공,ET672,ADD,도착
20200405,  대한항공,KE9926,AMS,도착
20200405,  델타항공,DL197,SEA,도착
20200405,  대한항공,KE038,ORD,도착
20200405,  대한항공,KE036,ATL,도착
20200405,  대한항공,KE870,DLC,도착
20200405,  카타르항공,QR858,DOH,도착
20200405,  대한항공,KE866,CAN,도착
20200405,  아시아나항공,OZ221,JFK,도착
20200405,  대한항공,KE082,JFK,도착
20200405,  대한항공,KE660,BKK,도착
20200405,  아시아나항공,OZ201,LAX,도착
20200405,  대한항공,KE072,YVR,도착
20200405,  장영항공(長榮),BR160,TPE,도착
20200405,  대한항공,KE122,SYD,도착
20200405,  대한항공,KE002,NRT,도착
20200405,  타이항공,TG654,BKK,도착
20200405,  에티하드,EY876,AUH,도착
20200405,  제주항공,7C1101,NRT,도착
20200405,  에티오피안항공,ET673,NRT,도착
20200406,  대한항공,KE854,PEK,도착
20200406,  대한항공,KE624,MNL,도착
20200406,  대한항공,KE012,LAX,도착
20200406,  베트남항공,VN9416,HAN,도착
20200406,  비엣제트 항공,VJ878,DAD,도착
20200406,  대한항공,KE482,DEL,도착
20200406,  대한항공,KE652,BKK,도착
20200406,  대한항공,KE690,PNH,도착
20200406,  진에어,LJ096,JHB,도착
20200406,  아시아나항공,OZ762,CGK,도착
20200406,  아시아나항공,OZ740,PNH,도착
20200406,  아시아나항공,OZ7283,HAN,도착
20200406,  대한항공,KE9654,BKK,도착
20200406,  가루다인도네시아,GA870,DPS,도착
20200406,  델타항공,DL159A,DTW,도착
20200406,  중화항공,CI160,TPE,도착
20200406,  대한항공,KE648,SIN,도착
20200406,  제주항공,7C1363,KIX,도착
20200406,  네덜란드항공,KL855,AMS,도착
20200406,  대한항공,KE902,CDG,도착
20200406,  대한항공,KE9926,AMS,도착
20200406,  대한항공,KE898,PVG,취소
20200406,  대한항공,KE094,IAD,도착
20200406,  카타르항공,QR858,DOH,도착
20200406,  티웨이항공,TW238,NGO,취소
20200406,  러시아항공,SU7293,SGN,지연
20200406,  대한항공,KE866,CAN,도착
20200406,  아시아나항공,OZ221,JFK,도착
20200406,  대한항공,KE082,JFK,도착
20200406,  대한항공,KE660,BKK,도착
20200406,  아시아나항공,OZ201,LAX,도착
20200406,  춘추항공,9C8569,CJU,지연
20200406,  대한항공,KE122,SYD,도착
20200406,  중화항공,CI162,TPE,도착
20200406,  대한항공,KE002,NRT,도착
20200406,  제주항공,7C1101,NRT,도착
20200407,  대한항공,KE854,PEK,도착
20200407,  대한항공,KE026,SFO,도착
20200407,  대한항공,KE624,MNL,도착
20200407,  대한항공,KE012,LAX,도착
20200407,  진에어,LJ082,TPE,도착
20200407,  비엣제트 항공,VJ960,HAN,도착
20200407,  대한항공,KE684,SGN,도착
20200407,  대한항공,KE652,BKK,도착
20200407,  대한항공,KE690,PNH,도착
20200407,  아시아나항공,OZ740,PNH,도착
20200407,  영국항공,BA17,LHR,도착
20200407,  아시아나항공,OZ7283,HAN,도착
20200407,  에어아시아 엑스,D7506,KUL,도착
20200407,  대한항공,KE9972,BUD,도착
20200407,  가루다인도네시아,GA870,DPS,도착
20200407,  아시아나항공,OZ742,BKK,도착
20200407,  중국국제항공,CA617,PVG,도착
20200407,  중화항공,CI160,TPE,도착
20200407,  대한항공,KE648,SIN,도착
20200407,  아시아나항공,OZ304,CGQ,지연
20200407,  대한항공,KE908,LHR,도착
20200407,  대한항공,KE902,CDG,도착
20200407,  일본항공,JL8951,NRT,도착
20200407,  대한항공,KE9926,AMS,도착
20200407,  델타항공,DL197,SEA,도착
20200407,  에어뉴질랜드,NZ1941,AKL,도착
20200407,  대한항공,KE036,ATL,도착
20200407,  델타항공,DL159,DTW,도착
20200407,  대한항공,KE692,TPE,도착
20200407,  카타르항공,QR858,DOH,도착
20200407,  대한항공,KE082,JFK,도착
20200407,  아시아나항공,OZ221,JFK,도착
20200407,  아시아나항공,OZ7223,HKG,도착
20200407,  아시아나항공,OZ712,TPE,도착
20200407,  아시아나항공,OZ201,LAX,도착
20200407,  대한항공,KE660,BKK,도착
20200407,  에어서울,RS518,DAD,도착
20200407,  장영항공(長榮),BR160,TPE,도착
20200407,  중화항공,CI162,TPE,도착
20200407,  오로라항공,HZ5450,KHV,취소
20200407,  대한항공,KE002,NRT,도착
20200407,  미얀마국제항공,8M801,RGN,도착
20200407,  제주항공,7C1101,NRT,도착
20200408,  대한항공,KE026,SFO,도착
20200408,  대한항공,KE624,MNL,도착
20200408,  대한항공,KE012,LAX,도착
20200408,  아시아나항공,OZ704,MNL,도착
20200408,  베트남항공,VN6414,HAN,도착
20200408,  대한항공,KE632,CEB,도착
20200408,  대한항공,KE652,BKK,도착
20200408,  아시아나항공,OZ7363,SGN,도착
20200408,  말레이시아항공,MH066,KUL,도착
20200408,  대한항공,KE472,RGN,도착
20200408,  대한항공,KE9660,BKK,도착
20200408,  핀란드항공,AY41,HEL,도착
20200408,  에어아시아 엑스,D7506,KUL,도착
20200408,  아시아나항공,OZ742,BKK,도착
20200408,  대한항공,KE924,SVO,도착
20200408,  중국국제항공,CA617,PVG,도착
20200408,  중화항공,CI160,TPE,도착
20200408,  중국국제항공,CA123,PEK,도착
20200408,  몽골항공,OM301,ULN,도착
20200408,  대한항공,KE648,SIN,도착
20200408,  제주항공,7C8502,WEH,지연
20200408,  대한항공,KE908,LHR,도착
20200408,  네덜란드항공,KL855,AMS,도착
20200408,  대한항공,KE902,CDG,도착
20200408,  대한항공,KE9926,AMS,도착
20200408,  싱가폴항공,SQ600,SIN,도착
20200408,  대한항공,KE038,ORD,도착
20200408,  대한항공,KE036,ATL,도착
20200408,  대한항공,KE692,TPE,도착
20200408,  대한항공,KE870,DLC,도착
20200408,  카타르항공,QR858,DOH,도착
20200408,  대한항공,KE866,CAN,도착
20200408,  대한항공,KE082,JFK,도착
20200408,  아시아나항공,OZ221,JFK,도착
20200408,  아시아나항공,OZ712,TPE,도착
20200408,  대한항공,KE660,BKK,도착
20200408,  아시아나항공,OZ201,LAX,도착
20200408,  장영항공(長榮),BR160,TPE,도착
20200408,  대한항공,KE002,NRT,도착
20200408,  에티하드,EY876,AUH,도착
20200408,  제주항공,7C1101,NRT,도착
20200409, 대한항공,KE854,PEK,도착
20200409,  대한항공,KE624,MNL,도착
20200409,  대한항공,KE012,LAX,도착
20200409,  베트남항공,VN6414,HAN,도착
20200409,  아시아나항공,OZ6023,SYD,도착
20200409,  아에로멕시코,AM090,MEX,
20200409,  대한항공,KE672,KUL,도착
20200409,  대한항공,KE684,SGN,도착
20200409,  대한항공,KE652,BKK,도착
20200409,  대한항공,KE690,PNH,도착
20200409,  아시아나항공,OZ762,CGK,도착
20200409,  아시아나항공,OZ740,PNH,도착
20200409,  영국항공,BA17,LHR,도착
20200409,  아시아나항공,OZ7283,HAN,도착
20200409,  대한항공,KE472,RGN,도착
20200409,  에어아시아 엑스,D7506,KUL,도착
20200409,  가루다인도네시아,GA870,DPS,도착
20200409,  중국국제항공,CA617,PVG,도착
20200409,  중화항공,CI160,TPE,도착
20200409,  아시아나항공,OZ542,FRA,도착
20200409,  아시아나항공,OZ6263,SPN,도착
20200409,  대한항공,KE648,SIN,도착
20200409,  제주항공,7C1363,KIX,도착
20200409,  대한항공,KE908,LHR,도착
20200409,  대한항공,KE9926,AMS,도착
20200409,  델타항공,DL197,SEA,지연
20200409,  중국동방항공,MU5033,PVG,
20200409,  델타항공,DL159,DTW,도착
20200409,  대한항공,KE094,IAD,도착
20200409,  대한항공,KE692,TPE,도착
20200409,  카타르항공,QR858,DOH,도착
20200409,  대한항공,KE082,JFK,도착
20200409,  아시아나항공,OZ221,JFK,도착
20200409,  아시아나항공,OZ712,TPE,도착
20200409,  아시아나항공,OZ201,LAX,도착
20200409,  대한항공,KE660,BKK,도착
20200409,  장영항공(長榮),BR160,TPE,도착
20200409,  대한항공,KE002,NRT,도착
20200409,  미얀마국제항공,8M801,RGN,도착
20200409,  중화항공,CI162,TPE,도착
20200409,  제주항공,7C1101,NRT,도착
20200410,  대한항공,KE624,MNL,도착
20200410,  대한항공,KE012,LAX,도착
20200410,  아시아나항공,OZ704,MNL,도착
20200410,  대한항공,KE112,GUM,도착
20200410,  대한항공,KE652,BKK,도착
20200410,  아시아나항공,OZ774,CXR,도착
20200410,  아시아나항공,OZ7363,SGN,도착
20200410,  대한항공,KE472,RGN,도착
20200410,  핀란드항공,AY41,HEL,도착
20200410,  가루다인도네시아,GA878,CGK,도착
20200410,  에어아시아 엑스,D7506,KUL,도착
20200410,  아시아나항공,OZ742,BKK,도착
20200410,  중국국제항공,CA617,PVG,도착
20200410,  중화항공,CI160,TPE,도착
20200410,  산동항공,SC4617,TAO,도착
20200410,  중국동방항공,MU5041,PVG,도착
20200410,  오로라항공,HZ5436,VVO,취소
20200410,  대한항공,KE832,SHE,도착
20200410,  대한항공,KE648,SIN,도착
20200410,  대한항공,KE902,CDG,도착
20200410,  델타항공,DL197,SEA,도착
20200410,  대한항공,KE038,ORD,도착
20200410,  대한항공,KE036,ATL,도착
20200410,  델타항공,DL159,DTW,도착
20200410,  대한항공,KE692,TPE,도착
20200410,  대한항공,KE870,DLC,도착
20200410,  카타르항공,QR858,DOH,도착
20200410,  대한항공,KE866,CAN,도착
20200410,  대한항공,KE082,JFK,도착
20200410,  아시아나항공,OZ712,TPE,도착
20200410,  아시아나항공,OZ7223,HKG,도착
20200410,  아시아나항공,OZ201,LAX,도착
20200410,  대한항공,KE660,BKK,도착
20200410,  장영항공(長榮),BR160,TPE,도착
20200410,  대한항공,KE002,NRT,도착
20200410,  대한항공,KE9124,BNE,도착
20200410,  대한항공,KE9130,AKL,도착
20200410,  에티하드,EY876,AUH,도착
20200410,  제주항공,7C1101,NRT,도착a
20200411,  대한항공,KE854,PEK,도착
20200411,  대한항공,KE9696,KTM,도착
20200411,  대한항공,KE026,SFO,도착
20200411,  대한항공,KE624,MNL,도착
20200411,  아시아나항공,OZ704,MNL,도착
20200411,  대한항공,KE012,LAX,도착
20200411,  KAC,KU1131,KWI,도착
20200411,  대한항공,KE684,SGN,도착
20200411,  대한항공,KE652,BKK,도착
20200411,  아시아나항공,OZ6023,SYD,도착
20200411,  대한항공,KE690,PNH,도착
20200411,  아시아나항공,OZ762,CGK,도착
20200411,  진에어,LJ096,JHB,도착
20200411,  아시아나항공,OZ740,PNH,도착
20200411,  영국항공,BA17,LHR,도착
20200411,  대한항공,KE472,RGN,도착
20200411,  에어아시아 엑스,D7506,KUL,도착
20200411,  대한항공,KE656,BOM,도착
20200411,  가루다인도네시아,GA870,DPS,도착
20200411,  중국국제항공,CA617,PVG,도착
20200411,  중화항공,CI160,TPE,도착
20200411,  대한항공,KE648,SIN,도착
20200411,  제주항공,7C1363,KIX,도착
20200411,  아시아나항공,OZ542,FRA,도착
20200411,  스카이업,PQ3201,KBP,도착
20200411,  네덜란드항공,KL855,AMS,도착
20200411,  델타항공,DL197,SEA,지연
20200411,  중국동방항공,MU5033,PVG,도착
20200411,  싱가폴항공,SQ600,SIN,도착
20200411,  델타항공,DL159,DTW,도착
20200411,  대한항공,KE692,TPE,도착
20200411,  대한항공,KE094,IAD,도착
20200411,  카타르항공,QR858,DOH,도착
20200411,  에어뉴질랜드,NZ1943,AKL,도착
20200411,  대한항공,KE082,JFK,도착
20200411,  아시아나항공,OZ221,JFK,도착
20200411,  아시아나항공,OZ712,TPE,도착
20200411,  대한항공,KE660,BKK,도착
20200411,  아시아나항공,OZ201,LAX,도착
20200411,  장영항공(長榮),BR160,TPE,도착
20200411,  중화항공,CI162,TPE,도착
20200411,  티웨이항공,TW9602,FRU,지연
20200411,  대한항공,KE002,NRT,도착
20200411,  대한항공,KE9124,BNE,도착
20200411,  미얀마국제항공,8M801,RGN,도착
20200412,  대한항공,KE026,SFO,도착
20200412,  대한항공,KE624,MNL,도착
20200412,  대한항공,KE012,LAX,도착
20200412,  아에로멕시코,AM090,MEX,
20200412,  대한항공,KE652,BKK,도착
20200412,  아시아나항공,OZ6023,SYD,도착
20200412,  아시아나항공,OZ7363,SGN,도착
20200412,  말레이시아항공,MH066,KUL,도착
20200412,  에티하드,EY876,AUH,도착
20200412,  핀란드항공,AY41,HEL,도착
20200412,  가루다인도네시아,GA878,CGK,도착
20200412,  중국국제항공,CA617,PVG,도착
20200412,  중화항공,CI160,TPE,도착
20200412,  중국남방항공,CZ681,SHE,도착
20200412,  하문항공,MF871,XMN,도착
20200412,  대한항공,KE648,SIN,도착
20200412,  오로라항공,HZ5436,VVO,도착
20200412,  대한항공,KE908,LHR,도착
20200412,  오로라항공,HZ5450,KHV,도착
20200412,  델타항공,DL197,SEA,도착
20200412,  대한항공,KE038,ORD,도착
20200412,  대한항공,KE036,ATL,도착
20200412,  델타항공,DL159,DTW,도착
20200412,  카타르항공,QR858,DOH,도착
20200412,  대한항공,KE870,DLC,도착
20200412,  대한항공,KE866,CAN,도착
20200412,  대한항공,KE082,JFK,도착
20200412,  아시아나항공,OZ201,LAX,도착
20200412,  대한항공,KE660,BKK,도착
20200412,  장영항공(長榮),BR160,TPE,도착
20200412,  대한항공,KE002,NRT,도착
20200412,  대한항공,KE9124,BNE,도착
20200412,  타이항공,TG654,BKK,도착
20200412,  제주항공,7C1101,NRT,도착
20200413,  대한항공,KE854,PEK,도착
20200413,  대한항공,KE624,MNL,도착
20200413,  대한항공,KE012,LAX,도착
20200413,  대한항공,KE652,BKK,도착
20200413,  대한항공,KE690,PNH,도착
20200413,  아시아나항공,OZ6023,SYD,도착
20200413,  아시아나항공,OZ762,CGK,도착
20200413,  아시아나항공,OZ740,PNH,도착
20200413,  아시아나항공,OZ7283,HAN,도착
20200413,  에어인디아,AI312,DEL,취소
20200413,  아시아나항공,OZ542,FRA,도착
20200413,  제주항공,7C1363,KIX,도착
20200413,  네덜란드항공,KL855,AMS,도착
20200413,  대한항공,KE902,CDG,도착
20200413,  대한항공,KE094,IAD,도착
20200413,  카타르항공,QR858,DOH,도착
20200413,  대한항공,KE082,JFK,도착
20200413,  아시아나항공,OZ221,JFK,도착
20200413,  대한항공,KE660,BKK,도착
20200413,  아시아나항공,OZ201,LAX,도착
20200413,  춘추항공,9C8569,CJU,도착
20200413,  장영항공(長榮),BR160,TPE,도착
20200413,  중화항공,CI162,TPE,도착
20200413,  대한항공,KE002,NRT,도착
20200413,  대한항공,KE9124,BNE,도착
20200414,  대한항공,KE854,PEK,도착
20200414,  대한항공,KE026,SFO,도착
20200414,  대한항공,KE624,MNL,도착
20200414,  대한항공,KE012,LAX,도착
20200414,  아시아나항공,OZ6023,SYD,도착
20200414,  대한항공,KE684,SGN,도착
20200414,  대한항공,KE652,BKK,도착
20200414,  아시아나항공,OZ740,PNH,도착
20200414,  아시아나항공,OZ7283,HAN,도착
20200414,  아시아나항공,OZ742,BKK,도착
20200414,  베트남항공,VN416,HAN,도착
20200414,  대한항공,KE9130,CHC,도착
20200414,  중국국제항공,CA617,PVG,도착
20200414,  중화항공,CI160,TPE,도착
20200414,  아시아나항공,OZ1013,NRT,도착
20200414,  아시아나항공,OZ304,CGQ,도착
20200414,  일본항공,JL8951,NRT,도착
20200414,  델타항공,DL197,SEA,도착
20200414,  대한항공,KE036,ATL,도착
20200414,  델타항공,DL159,DTW,도착
20200414,  대한항공,KE692,TPE,도착
20200414,  카타르항공,QR858,DOH,도착
20200414,  대한항공,KE982,VVO,도착
20200414,  대한항공,KE862,TAO,도착
20200414,  아시아나항공,OZ7223,HKG,도착
20200414,  아시아나항공,OZ712,TPE,도착
20200414,  아시아나항공,OZ201,LAX,도착
20200414,  장영항공(長榮),BR160,TPE,도착
20200414,  대한항공,KE002,NRT,도착
20200414,  제주항공,7C1101,NRT,도착
20200415,  대한항공,KE026,SFO,도착
20200415,  대한항공,KE624,MNL,도착
20200415,  아시아나항공,OZ704,MNL,도착
20200415,  대한항공,KE012,LAX,도착
20200415,  대한항공,KE9124,BNE,도착
20200415,  제주항공,7C2202,BKK,도착
20200415,  아시아나항공,OZ5085,IST,도착
20200415,  대한항공,KE652,BKK,도착
20200415,  아시아나항공,OZ762,CGK,도착
20200415,  아시아나항공,OZ7363,SGN,도착
20200415,  말레이시아항공,MH066,KUL,도착
20200415,  에티하드,EY876,AUH,도착
20200415,  아시아나항공,OZ742,BKK,도착
20200415,  중국국제항공,CA617,PVG,도착
20200415,  중화항공,CI160,TPE,도착
20200415,  제주항공,7C8502,WEH,지연
20200415,  아시아나항공,OZ221,JFK,도착
20200415,  싱가폴항공,SQ600,SIN,도착
20200415,  에티오피안항공,ET672,ADD,도착
20200415,  대한항공,KE038,ORD,도착
20200415,  대한항공,KE036,ATL,도착
20200415,  중국남방항공,CZ695,DLC,도착
20200415,  대한항공,KE692,TPE,도착
20200415,  카타르항공,QR858,DOH,도착
20200415,  대한항공,KE870,DLC,도착
20200415,  대한항공,KE866,CAN,도착
20200415,  대한항공,KE082,JFK,도착
20200415,  대한항공,KE862,TAO,도착
20200415,  아시아나항공,OZ712,TPE,도착
20200415,  아시아나항공,OZ201,LAX,도착
20200415,  장영항공(長榮),BR160,TPE,도착
20200415,  대한항공,KE002,NRT,도착
20200415,  제주항공,7C1101,NRT,도착
20200415,  대한항공,KE854,PEK,도착
20200416,  아시아나항공,OZ203,LAX,도착
20200416,  대한항공,KE624,MNL,도착
20200416,  대한항공,KE012,LAX,도착
20200416,  베트남항공,VN9416,HAN,도착
20200416,  대한항공,KE8936,PRG,도착
20200416,  아에로멕시코,AM090,MEX,취소
20200416,  아시아나항공,OZ6023,SYD,도착
20200416,  대한항공,KE684,SGN,도착
20200416,  대한항공,KE652,BKK,도착
20200416,  아시아나항공,OZ762,CGK,도착
20200416,  아시아나항공,OZ7283,HAN,도착
20200416,  핀란드항공,AY41,HEL,도착
20200416,  가루다인도네시아,GA870,DPS,도착
20200416,  에어인디아,AI312,DEL,도착
20200416,  중국국제항공,CA617,PVG,도착
20200416,  중화항공,CI160,TPE,도착
20200416,  아시아나항공,OZ1013,NRT,도착
20200416,  폴란드항공,LO1097,WAW,도착
20200416,  제주항공,7C1363,KIX,도착
20200416,  대한항공,KE908,LHR,도착
20200416,  네덜란드항공,KL855,AMS,도착
20200416,  델타항공,DL197,SEA,도착
20200416,  중국동방항공,MU5033,PVG,도착
20200416,  중국남방항공,CZ695,DLC,도착
20200416,  델타항공,DL159,DTW,도착
20200416,  대한항공,KE692,TPE,도착
20200416,  카타르항공,QR858,DOH,도착
20200416,  대한항공,KE082,JFK,도착
20200416,  아시아나항공,OZ221,JFK,도착
20200416,  대한항공,KE862,TAO,도착
20200416,  아시아나항공,OZ712,TPE,도착
20200416,  아시아나항공,OZ201,LAX,도착
20200416,  장영항공(長榮),BR160,TPE,도착
20200416,  에티오피안항공,ET673,NRT,도착
20200416,  대한항공,KE002,NRT,도착
20200416,  미얀마국제항공,8M801,RGN,도착
20200417,  대한항공,KE624,MNL,도착
20200417,  대한항공,KE012,LAX,도착
20200417,  아시아나항공,OZ704,MNL,도착
20200417,  진에어,LJ058,HAN,도착
20200417,  아시아나항공,OZ6023,SYD,도착
20200417,  베트남항공,VN6418,HAN,도착
20200417,  대한항공,KE652,BKK,도착
20200417,  아시아나항공,OZ7363,SGN,도착
20200417,  사우디아 카고,SV3884,DMM,도착
20200417,  말레이시아항공,MH066,KUL,도착
20200417,  에티하드,EY876,AUH,도착
20200417,  가루다인도네시아,GA878,CGK,도착
20200417,  아시아나항공,OZ742,BKK,도착
20200417,  비엣제트 항공,VJ862,SGN,도착
20200417,  중국국제항공,CA617,PVG,도착
20200417,  중화항공,CI160,TPE,도착
20200417,  산동항공,SC4617,TAO,도착
20200417,  중국국제항공,CA123,PEK,도착
20200417,  중국동방항공,MU5041,PVG,도착
20200417,  대한항공,KE832,SHE,도착
20200417,  대한항공,KE902,CDG,도착
20200417,  델타항공,DL197,SEA,도착
20200417,  대한항공,KE038,ORD,도착
20200417,  대한항공,KE036,ATL,도착
20200417,  중국남방항공,CZ695,DLC,도착
20200417,  델타항공,DL159,DTW,도착
20200417,  대한항공,KE692,TPE,도착
20200417,  카타르항공,QR858,DOH,도착
20200417,  대한항공,KE870,DLC,도착
20200417,  대한항공,KE866,CAN,도착
20200417,  대한항공,KE862,TAO,도착
20200417,  아시아나항공,OZ7223,HKG,도착
20200417,  아시아나항공,OZ712,TPE,도착
20200417,  아시아나항공,OZ201,LAX,도착
20200417,  장영항공(長榮),BR160,TPE,도착
20200417,  제주항공,7C1101,NRT,도착
20200417,  아시아나항공,OZ6047,MEL,도착
20200417,  대한항공,KE002,NRT,도착
20200417,  대한항공,KE9130,AKL,도착
20200417,  아시아나항공,OZ7747,VDO,도착
20200417,  대한항공,KE854,PEK,도착
20200418,  대한항공,KE122,SYD,지연
20200418,  대한항공,KE026,SFO,도착
20200418,  대한항공,KE624,MNL,도착
20200418,  대한항공,KE012,LAX,도착
20200418,  아시아나항공,OZ704,MNL,도착
20200418,  아시아나항공,OZ6049,MEL,도착
20200418,  대한항공,KE684,SGN,도착
20200418,  대한항공,KE652,BKK,도착
20200418,  대한항공,KE690,PNH,도착
20200418,  아시아나항공,OZ762,CGK,도착
20200418,  아시아나항공,OZ740,PNH,도착
20200418,  핀란드항공,AY41,HEL,도착
20200418,  가루다인도네시아,GA870,DPS,도착
20200418,  에어인디아,AI312,DEL,도착
20200418,  중국국제항공,CA617,PVG,도착
20200418,  중화항공,CI160,TPE,도착
20200418,  제주항공,7C1363,KIX,도착
20200418,  네덜란드항공,KL855,AMS,도착
20200418,  델타항공,DL197,SEA,도착
20200418,  중국동방항공,MU5033,PVG,도착
20200418,  싱가폴항공,SQ600,SIN,도착
20200418,  중국남방항공,CZ695,DLC,도착
20200418,  델타항공,DL159,DTW,도착
20200418,  대한항공,KE692,TPE,도착
20200418,  카타르항공,QR858,DOH,도착
20200418,  대한항공,KE082,JFK,도착
20200418,  아시아나항공,OZ221,JFK,도착
20200418,  대한항공,KE862,TAO,도착
20200418,  아시아나항공,OZ712,TPE,도착
20200418,  아시아나항공,OZ201,LAX,도착
20200418,  장영항공(長榮),BR160,TPE,도착
20200418,  중화항공,CI162,TPE,도착
20200418,  대한항공,KE002,NRT,도착
20200418,  아시아나항공,OZ7747,VDO,도착
20200419,  대한항공,KE624,MNL,도착
20200419,  대한항공,KE012,LAX,도착
20200419,  대한항공,KE482,DEL,도착
20200419,  대한항공,KE672,KUL,도착
20200419,  대한항공,KE652,BKK,도착
20200419,  아시아나항공,OZ7363,SGN,도착
20200419,  스카이업,PQ3201,KBP,지연
20200419,  영국항공,BA17,LHR,도착
20200419,  말레이시아항공,MH066,KUL,도착
20200419,  에티하드,EY876,AUH,도착
20200419,  가루다인도네시아,GA878,CGK,도착
20200419,  에티오피안항공,ET8672,ADD,지연
20200419,  중국국제항공,CA617,PVG,도착
20200419,  중화항공,CI160,TPE,도착
20200419,  중국남방항공,CZ681,SHE,도착
20200419,  아시아나항공,OZ542,FRA,도착
20200419,  하문항공,MF871,XMN,도착
20200419,  대한항공,KE908,LHR,도착
20200419,  네덜란드항공,KL855,AMS,도착
20200419,  델타항공,DL3331,ATL,도착
20200419,  델타항공,DL197,SEA,도착
20200419,  대한항공,KE038,ORD,도착
20200419,  에티오피안항공,ET672,ADD,도착
20200419,  대한항공,KE036,ATL,도착
20200419,  델타항공,DL159,DTW,지연
20200419,  카타르항공,QR858,DOH,도착
20200419,  대한항공,KE870,DLC,도착
20200419,  대한항공,KE866,CAN,도착
20200419,  아시아나항공,OZ201,LAX,도착
20200419,  장영항공(長榮),BR160,TPE,도착
20200419,  제주항공,7C1101,NRT,도착
20200419,  대한항공,KE9130,AKL,도착
20200419,  대한항공,KE002,NRT,도착
20200419,  타이항공,TG654,BKK,도착
20200419,  아시아나항공,OZ203,LAX,도착
20200419,  대한항공,KE854,PEK,도착
20200420,  대한항공,KE624,MNL,도착
20200420,  대한항공,KE012,LAX,도착
20200420,  진에어,LJ712,CRK,도착
20200420,  대한항공,KE652,BKK,도착
20200420,  대한항공,KE690,PNH,도착
20200420,  아시아나항공,OZ762,CGK,도착
20200420,  아시아나항공,OZ740,PNH,도착
20200420,  아시아나항공,OZ7283,HAN,도착
20200420,  비엣제트 항공,VJ862,SGN,도착
20200420,  아시아나항공,OZ542,FRA,도착
20200420,  델타항공,DL3333,PVG,도착
20200420,  아시아나항공,OZ6263,SPN,도착
20200420,  제주항공,7C1363,KIX,도착
20200420,  네덜란드항공,KL897,AMS,도착
20200420,  대한항공,KE902,CDG,도착
20200420,  델타항공,DL3331,ATL,도착
20200420,  카타르항공,QR858,DOH,도착
20200420,  대한항공,KE866,CAN,도착
20200420,  대한항공,KE082,JFK,도착
20200420,  아시아나항공,OZ221,JFK,도착
20200420,  아시아나항공,OZ201,LAX,도착
20200420,  춘추항공,9C8569,CJU,도착
20200420,  장영항공(長榮),BR160,TPE,도착
20200420,  제주항공,7C1101,NRT,도착
20200420,  중화항공,CI162,TPE,도착
20200420,  대한항공,KE002,NRT,도착
20200420,  에티오피안항공,ET673,NRT,도착
20200421,  대한항공,KE026,SFO,도착
20200421,  대한항공,KE624,MNL,도착
20200421,  대한항공,KE684,SGN,도착
20200421,  대한항공,KE652,BKK,도착
20200421,  아시아나항공,OZ7283,HAN,도착
20200421,  아시아나항공,OZ742,BKK,도착
20200421,  중국국제항공,CA617,PVG,도착
20200421,  중화항공,CI160,TPE,도착
20200421,  아시아나항공,OZ542,FRA,도착
20200421,  델타항공,DL3333,PVG,도착
20200421,  아시아나항공,OZ304,CGQ,도착
20200421,  네덜란드항공,KL855,AMS,도착
20200421,  일본항공,JL8951,NRT,도착
20200421,  델타항공,DL197,SEA,도착
20200421,  델타항공,DL3331,ATL,도착
20200421,  대한항공,KE036,ATL,도착
20200421,  중국남방항공,CZ695,DLC,도착
20200421,  델타항공,DL159,DTW,도착
20200421,  대한항공,KE692,TPE,도착
20200421,  카타르항공,QR858,DOH,도착
20200421,  아시아나항공,OZ370,CAN,도착
20200421,  대한항공,KE082,JFK,도착
20200421,  아시아나항공,OZ221,JFK,도착
20200421,  대한항공,KE862,TAO,도착
20200421,  아시아나항공,OZ7223,HKG,지연
20200421,  아시아나항공,OZ712,TPE,도착
20200421,  아시아나항공,OZ201,LAX,도착
20200421,  에어서울,RS518,DAD,도착
20200421,  장영항공(長榮),BR160,TPE,도착
20200421,  중화항공,CI162,TPE,도착
20200421,  대한항공,KE002,NRT,도착
20200421,  아시아나항공,OZ203,LAX,도착
20200422,  아시아나항공,OZ704,MNL,도착
20200422,  대한항공,KE026,SFO,도착
20200422,  대한항공,KE624,MNL,도착
20200422,  대한항공,KE012,LAX,도착
20200422,  베트남항공,VN6418,HAN,도착
20200422,  대한항공,KE652,BKK,도착
20200422,  아시아나항공,OZ762,CGK,도착
20200422,  사우디아 카고,SV3884,JED,지연
20200422,  아시아나항공,OZ7363,SGN,도착
20200422,  영국항공,BA17,LHR,도착
20200422,  에티하드,EY876,AUH,도착
20200422,  아시아나항공,OZ742,BKK,도착
20200422,  비엣제트 항공,VJ862,SGN,도착
20200422,  중국국제항공,CA551,PEK,도착
20200422,  중국국제항공,CA617,PVG,도착
20200422,  중화항공,CI160,TPE,도착
20200422,  RAM,AT3854,CMN,도착
20200422,  델타항공,DL3333,PVG,도착
20200422,  제주항공,7C8502,WEH,지연
20200422,  네덜란드항공,KL855,AMS,도착
20200422,  델타항공,DL3331,LAX,도착
20200422,  싱가폴항공,SQ600,SIN,도착
20200422,  대한항공,KE038,ORD,도착
20200422,  대한항공,KE036,ATL,도착
20200422,  대한항공,KE692,TPE,도착
20200422,  대한항공,KE870,DLC,도착
20200422,  카타르항공,QR858,DOH,도착
20200422,  대한항공,KE866,CAN,도착
20200422,  대한항공,KE862,TAO,도착
20200422,  아시아나항공,OZ712,TPE,도착
20200422,  아시아나항공,OZ201,LAX,도착
20200422,  장영항공(長榮),BR160,TPE,도착
20200422,  제주항공,7C1101,NRT,도착
20200422,  대한항공,KE9126,MEL,도착
20200422,  대한항공,KE002,NRT,도착
20200423,  대한항공,KE854,PEK,도착
20200423,  대한항공,KE624,MNL,도착
20200423,  대한항공,KE012,LAX,도착
20200423,  대한항공,KE684,SGN,도착
20200423,  대한항공,KE652,BKK,도착
20200423,  아시아나항공,OZ762,CGK,도착
20200423,  아시아나항공,OZ740,PNH,도착
20200423,  아시아나항공,OZ7283,HAN,도착
20200423,  가루다인도네시아,GA870,DPS,도착
20200423,  중국국제항공,CA617,PVG,도착
20200423,  중화항공,CI160,TPE,도착
20200423,  아시아나항공,OZ542,FRA,도착
20200423,  폴란드항공,LO1097,WAW,도착
20200423,  아시아나항공,OZ318,TAO,도착
20200423,  델타항공,DL3333,PVG,도착
20200423,  제주항공,7C1363,KIX,도착
20200423,  대한항공,KE908,LHR,도착
20200423,  네덜란드항공,KL855,AMS,도착
20200423,  델타항공,DL197,SEA,도착
20200423,  델타항공,DL3331,ATL,도착
20200423,  중국동방항공,MU5033,PVG,도착
20200423,  미얀마국제항공,8M801,RGN,도착
20200423,  중국남방항공,CZ695,DLC,도착
20200423,  델타항공,DL159,DTW,도착
20200423,  대한항공,KE692,TPE,도착
20200423,  카타르항공,QR858,DOH,도착
20200423,  아시아나항공,OZ221,JFK,도착
20200423,  대한항공,KE082,JFK,도착
20200423,  델타항공,DL3300,DTW,지연
20200423,  대한항공,KE862,TAO,도착
20200423,  아시아나항공,OZ712,TPE,도착
20200423,  아시아나항공,OZ201,LAX,도착
20200423,  대한항공,KE074,YYZ,도착
20200423,  제주항공,7C2406,CEB,도착
20200423,  장영항공(長榮),BR160,TPE,도착
20200423,  대한항공,KE8074,YYZ,도착
20200423,  대한항공,KE002,NRT,도착
20200423,  중화항공,CI162,TPE,도착
20200423,  아시아나항공,OZ7747,VDO,도착
20200423,  아시아나항공,OZ203,LAX,도착
20200424,  아시아나항공,OZ704,MNL,도착
20200424,  대한항공,KE624,MNL,도착
20200424,  대한항공,KE012,LAX,도착
20200424,  아시아나항공,OZ7683,DEL,도착
20200424,  베트남항공,VN6418,HAN,도착
20200424,  대한항공,KE652,BKK,도착
20200424,  아시아나항공,OZ7363,SGN,도착
20200424,  영국항공,BA17,LHR,도착
20200424,  말레이시아항공,MH066,KUL,도착
20200424,  에티하드,EY876,AUH,도착
20200424,  핀란드항공,AY41,HEL,도착
20200424,  가루다인도네시아,GA878,CGK,도착
20200424,  아시아나항공,OZ742,BKK,도착
20200424,  비엣제트 항공,VJ862,SGN,도착
20200424,  대한항공,KE9958,TLV,도착
20200424,  중국국제항공,CA617,PVG,도착
20200424,  중화항공,CI160,TPE,도착
20200424,  산동항공,SC4617,TAO,도착
20200424,  중국국제항공,CA123,PEK,도착
20200424,  중국동방항공,MU5041,PVG,도착
20200424,  아시아나항공,OZ318,TAO,도착
20200424,  델타항공,DL3333,PVG,도착
20200424,  대한항공,KE832,SHE,도착
20200424,  네덜란드항공,KL895,AMS,도착
20200424,  대한항공,KE902,CDG,도착
20200424,  델타항공,DL3331,ATL,도착
20200424,  대한항공,KE038,ORD,도착
20200424,  대한항공,KE036,ATL,도착
20200424,  델타항공,DL159,DTW,도착
20200424,  중국남방항공,CZ695,DLC,도착
20200424,  대한항공,KE692,TPE,도착
20200424,  카타르항공,QR858,DOH,도착
20200424,  대한항공,KE870,DLC,도착
20200424,  아시아나항공,OZ370,CAN,도착
20200424,  대한항공,KE866,CAN,도착
20200424,  델타항공,DL3301,DTW,도착
20200424,  대한항공,KE862,TAO,도착
20200424,  아시아나항공,OZ712,TPE,도착
20200424,  아시아나항공,OZ7223,HKG,도착
20200424,  아시아나항공,OZ201,LAX,도착
20200424,  장영항공(長榮),BR160,TPE,도착
20200424,  대한항공,KE9124,BNE,도착
20200424,  대한항공,KE002,NRT,도착
20200424,  아시아나항공,OZ203,LAX,도착
20200425,  대한항공,KE854,PEK,도착
20200425,  아시아나항공,OZ704,MNL,도착
20200425,  대한항공,KE624,MNL,도착
20200425,  대한항공,KE026,SFO,도착
20200425,  대한항공,KE012,LAX,도착
20200425,  대한항공,KE684,SGN,도착
20200425,  대한항공,KE652,BKK,도착
20200425,  대한항공,KE690,PNH,도착
20200425,  아시아나항공,OZ762,CGK,도착
20200425,  아시아나항공,OZ740,PNH,도착
20200425,  대한항공,KE9656,BLR,도착
20200425,  가루다인도네시아,GA870,DPS,도착
20200425,  대한항공,KE924,SVO,도착
20200425,  중국국제항공,CA617,PVG,도착
20200425,  중화항공,CI160,TPE,도착
20200425,  아시아나항공,OZ542,FRA,지연
20200425,  오로라항공,HZ5436,VVO,도착
20200425,  아시아나항공,OZ318,TAO,도착
20200425,  델타항공,DL3333,PVG,도착
20200425,  제주항공,7C1363,KIX,도착
20200425,  네덜란드항공,KL855,AMS,도착
20200425,  델타항공,DL3331,LAX,도착
20200425,  델타항공,DL197,SEA,도착
20200425,  중국동방항공,MU5033,PVG,도착
20200425,  싱가폴항공,SQ600,SIN,도착
20200425,  중국남방항공,CZ695,DLC,도착
20200425,  델타항공,DL159,DTW,도착
20200425,  대한항공,KE692,TPE,도착
20200425,  카타르항공,QR858,DOH,도착
20200425,  대한항공,KE082,JFK,도착
20200425,  아시아나항공,OZ221,JFK,도착
20200425,  대한항공,KE862,TAO,도착
20200425,  아시아나항공,OZ712,TPE,도착
20200425,  아시아나항공,OZ201,LAX,도착
20200425,  장영항공(長榮),BR160,TPE,도착
20200425,  제주항공,7C1101,NRT,도착
20200425,  중화항공,CI162,TPE,도착
20200425,  대한항공,KE002,NRT,도착
20200425,  필리핀에어아시아,Z29048,CEB,취소
20200425,  필리핀에어아시아,Z27046,CEB,취소
20200425,  아시아나항공,OZ203,LAX,도착
20200426,  대한항공,KE624,MNL,도착
20200426,  대한항공,KE026,SFO,도착
20200426,  대한항공,KE9656,DAC,도착
20200426,  대한항공,KE012,LAX,도착
20200426,  대한항공,KE652,BKK,도착
20200426,  아시아나항공,OZ7363,SGN,도착
20200426,  영국항공,BA17,LHR,도착
20200426,  말레이시아항공,MH066,KUL,도착
20200426,  스카이업,PQ3201,ALA,지연
20200426,  에티하드,EY876,AUH,지연
20200426,  가루다인도네시아,GA878,CGK,도착
20200426,  대한항공,KE924,SVO,도착
20200426,  중국국제항공,CA617,PVG,도착
20200426,  중화항공,CI160,TPE,도착
20200426,  중국남방항공,CZ681,SHE,도착
20200426,  아시아나항공,OZ542,FRA,도착
20200426,  하문항공,MF871,XMN,도착
20200426,  델타항공,DL3333,PVG,도착
20200426,  대한항공,KE908,LHR,도착
20200426,  네덜란드항공,KL855,AMS,도착
20200426,  델타항공,DL3331,ATL,지연
20200426,  우즈베키스탄항공,HY3595,TAS,도착
20200426,  에티오피안항공,ET672,ADD,도착
20200426,  대한항공,KE038,ORD,도착
20200426,  대한항공,KE036,ATL,도착
20200426,  델타항공,DL159,DTW,도착
20200426,  카타르항공,QR858,DOH,도착
20200426,  아시아나항공,OZ201,LAX,도착
20200426,  장영항공(長榮),BR160,TPE,도착
20200426,  대한항공,KE002,NRT,도착
20200426,  아시아나항공,OZ203,LAX,도착
20200427,  대한항공,KE624,MNL,도착
20200427,  대한항공,KE012,LAX,도착
20200427,  대한항공,KE652,BKK,도착
20200427,  대한항공,KE690,PNH,도착
20200427,  아시아나항공,OZ740,PNH,도착
20200427,  아시아나항공,OZ762,CGK,도착
20200427,  아시아나항공,OZ7283,HAN,도착
20200427,  비엣제트 항공,VJ862,SGN,도착
20200427,  아시아나항공,OZ542,FRA,도착
20200427,  델타항공,DL3333,PVG,도착
20200427,  제주항공,7C1363,KIX,도착
20200427,  네덜란드항공,KL897,AMS,도착
20200427,  대한항공,KE902,CDG,도착
20200427,  델타항공,DL3331,LAX,도착
20200427,  대한항공,KE038,ORD,도착
20200427,  카타르항공,QR858,DOH,도착
20200427,  대한항공,KE082,JFK,도착
20200427,  아시아나항공,OZ221,JFK,도착
20200427,  아시아나항공,OZ201,LAX,도착
20200427,  장영항공(長榮),BR160,TPE,도착
20200427,  제주항공,7C1101,NRT,도착
20200427,  중화항공,CI162,TPE,도착
20200427,  대한항공,KE002,NRT,도착
20200427,  에티오피안항공,ET673,NRT,도착
20200427,  에미레이트항공,EK322,DXB,도착
20200427,  아시아나항공,OZ203,LAX,도착
20200428,  팬퍼시픽항공,8Y700,KLO,취소
20200428,  팬퍼시픽항공,8Y600,CEB,취소
20200428,  대한항공,KE624,MNL,도착
20200428,  대한항공,KE012,LAX,도착
20200428,  아시아나항공,OZ7683,DEL,도착
20200428,  대한항공,KE652,BKK,도착
20200428,  말레이시아항공,MH066,KUL,취소
20200428,  아시아나항공,OZ7283,HAN,도착
20200428,  아시아나항공,OZ742,BKK,도착
20200428,  중국국제항공,CA617,PVG,도착
20200428,  중화항공,CI160,TPE,도착
20200428,  델타항공,DL3333,PVG,도착
20200428,  아시아나항공,OZ304,CGQ,도착
20200428,  네덜란드항공,KL855,AMS,도착
20200428,  일본항공,JL8951,NRT,도착
20200428,  델타항공,DL197,SEA,도착
20200428,  델타항공,DL3331,ATL,도착
20200428,  대한항공,KE036,ATL,도착
20200428,  중국남방항공,CZ695,DLC,도착
20200428,  델타항공,DL159,DTW,도착
20200428,  카타르항공,QR858,DOH,도착
20200428,  아시아나항공,OZ370,CAN,도착
20200428,  대한항공,KE082,JFK,도착
20200428,  아시아나항공,OZ221,JFK,도착
20200428,  아시아나항공,OZ712,TPE,도착
20200428,  아시아나항공,OZ201,LAX,도착
20200428,  아시아나항공,OZ722,HKG,도착
20200428,  에어서울,RS518,DAD,도착
20200428,  에티오피안항공,ET8930,MNL,지연
20200428,  제주항공,7C2406,CEB,도착
20200428,  장영항공(長榮),BR160,TPE,도착
20200428,  중화항공,CI162,TPE,도착
20200428,  대한항공,KE002,NRT,도착
20200428,  에미레이트항공,EK322,DXB,도착
20200428,  아시아나항공,OZ203,LAX,도착
20200429,  팬퍼시픽항공,8Y700,KLO,취소
20200429,  팬퍼시픽항공,8Y600,CEB,취소
20200429,  아시아나항공,OZ704,MNL,도착
20200429,  대한항공,KE624,MNL,도착
20200429,  대한항공,KE026,SFO,도착
20200429,  대한항공,KE012,LAX,도착
20200429,  대한항공,KE656,BOM,도착
20200429,  베트남항공,VN6418,HAN,도착
20200429,  대한항공,KE652,BKK,도착
20200429,  아시아나항공,OZ736,SGN,도착
20200429,  에티하드,EY876,AUH,도착
20200429,  아시아나항공,OZ742,BKK,도착
20200429,  비엣제트 항공,VJ862,SGN,도착
20200429,  중국국제항공,CA617,PVG,도착
20200429,  중화항공,CI160,TPE,도착
20200429,  델타항공,DL3333,PVG,도착
20200429,  제주항공,7C8502,WEH,지연
20200429,  네덜란드항공,KL855,AMS,도착
20200429,  델타항공,DL3331,LAX,도착
20200429,  싱가폴항공,SQ600,SIN,도착
20200429,  대한항공,KE036,ATL,도착
20200429,  중국남방항공,CZ695,DLC,도착
20200429,  카타르항공,QR858,DOH,도착
20200429,  대한항공,KE082,JFK,도착
20200429,  델타항공,DL3300,LAX,도착
20200429,  아시아나항공,OZ712,TPE,도착
20200429,  아시아나항공,OZ201,LAX,도착
20200429,  제주항공,7C2406,CEB,도착
20200429,  장영항공(長榮),BR160,TPE,도착
20200429,  제주항공,7C1101,NRT,도착
20200429,  대한항공,KE002,NRT,도착
20200429,  아시아나항공,OZ203,LAX,도착
20200430,  대한항공,KE624,MNL,도착
20200430,  대한항공,KE012,LAX,도착
20200430,  대한항공,KE672,KUL,도착
20200430,  대한항공,KE652,BKK,도착
20200430,  아시아나항공,OZ762,CGK,도착
20200430,  아시아나항공,OZ740,PNH,도착
20200430,  중국국제항공,CA551,PEK,도착
20200430,  아시아나항공,OZ7283,HAN,도착
20200430,  에티하드,EY876,AUH,도착
20200430,  핀란드항공,AY41,HEL,도착
20200430,  대한항공,KE9972,BUD,도착
20200430,  에어인디아,AI312,DEL,취소
20200430,  중국국제항공,CA617,PVG,도착
20200430,  중화항공,CI160,TPE,도착
20200430,  아시아나항공,OZ542,FRA,도착
20200430,  대한항공,KE936,PRG,도착
20200430,  폴란드항공,LO1097,WAW,도착
20200430,  몽골항공,OM301,ULN,도착
20200430,  아시아나항공,OZ318,TAO,도착
20200430,  델타항공,DL3333,PVG,도착
20200430,  제주항공,7C1363,KIX,도착
20200430,  대한항공,KE908,LHR,도착
20200430,  네덜란드항공,KL855,AMS,도착
20200430,  델타항공,DL3331,ATL,도착
20200430,  델타항공,DL197,SEA,도착
20200430,  미얀마국제항공,8M801,RGN,도착
20200430,  대한항공,KE038,ORD,도착
20200430,  델타항공,DL159,DTW,도착
20200430,  중국남방항공,CZ695,DLC,도착
20200430,  카타르항공,QR858,DOH,도착
20200430,  대한항공,KE082,JFK,도착
20200430,  아시아나항공,OZ221,JFK,도착
20200430,  아시아나항공,OZ712,TPE,도착
20200430,  아시아나항공,OZ201,LAX,도착
20200430,  장영항공(長榮),BR160,TPE,도착
20200430,  대한항공,KE002,NRT,도착
20200430,  아시아나항공,OZ203,LAX,도착
20200430,  타이에어아시아엑스,XJ702,DMK,취소
20200501,  에미레이트항공,EK322,DXB,도착
20200501,  아시아나항공,OZ704,MNL,도착
20200501,  대한항공,KE624,MNL,도착
20200501,  대한항공,KE012,LAX,도착
20200501,  아시아나항공,OZ6023,SYD,도착
20200501,  대한항공,KE684,SGN,도착
20200501,  대한항공,KE652,BKK,도착
20200501,  아시아나항공,OZ736,SGN,도착
20200501,  말레이시아항공,MH066,KUL,도착
20200501,  에티하드,EY876,AUH,도착
20200501,  가루다인도네시아,GA878,CGK,도착
20200501,  아시아나항공,OZ742,BKK,도착
20200501,  비엣제트 항공,VJ862,SGN,도착
20200501,  중화항공,CI160,TPE,도착
20200501,  산동항공,SC4617,TAO,도착
20200501,  중국국제항공,CA123,PEK,도착
20200501,  중국남방항공,CZ8159,WUH,도착
20200501,  중국동방항공,MU5041,PVG,지연
20200501,  몽골항공,OM301,ULN,도착
20200501,  델타항공,DL3333,PVG,도착
20200501,  대한항공,KE832,SHE,도착
20200501,  대한항공,KE8956,IST,도착
20200501,  네덜란드항공,KL895,AMS,도착
20200501,  대한항공,KE902,CDG,도착
20200501,  에어캐나다,AC063,YVR,취소
20200501,  델타항공,DL3331,ATL,도착
20200501,  아시아나항공,OZ101,NRT,도착
20200501,  델타항공,DL3335,DTW,도착
20200501,  대한항공,KE036,ATL,도착
20200501,  중국남방항공,CZ695,DLC,도착
20200501,  델타항공,DL159,DTW,도착
20200501,  카타르항공,QR858,DOH,도착
20200501,  아시아나항공,OZ370,CAN,도착
20200501,  대한항공,KE082,JFK,도착
20200501,  아시아나항공,OZ712,TPE,도착
20200501,  아시아나항공,OZ201,LAX,도착
20200501,  아시아나항공,OZ722,HKG,도착
20200501,  장영항공(長榮),BR160,TPE,도착
20200501,  청도항공,QW9901,TAO,도착
20200501,  대한항공,KE704,NRT,도착
20200501,  아시아나항공,OZ203,LAX,도착
20200501,  델타항공,DL3337,PVG,도착
20200502,  대한항공,KE624,MNL,도착
20200502,  아시아나항공,OZ704,MNL,도착
20200502,  대한항공,KE026,SFO,도착
20200502,  대한항공,KE012,LAX,도착
20200502,  아시아나항공,OZ6023,SYD,도착
20200502,  아에로멕시코,AM090,MEX,취소
20200502,  대한항공,KE9124,BNE,도착
20200502,  대한항공,KE652,BKK,도착
20200502,  대한항공,KE690,PNH,도착
20200502,  아시아나항공,OZ762,CGK,도착
20200502,  아시아나항공,OZ740,PNH,도착
20200502,  핀란드항공,AY41,HEL,도착
20200502,  중화항공,CI160,TPE,도착
20200502,  아시아나항공,OZ542,FRA,도착
20200502,  델타항공,DL3333,PVG,도착
20200502,  제주항공,7C1301,KIX,도착
20200502,  네덜란드항공,KL855,AMS,도착
20200502,  에어캐나다,AC063,YVR,도착
20200502,  델타항공,DL3329,LAX,도착
20200502,  델타항공,DL197,SEA,도착
20200502,  싱가폴항공,SQ600,SIN,도착
20200502,  아시아나항공,OZ101,NRT,도착
20200502,  대한항공,KE038,ORD,도착
20200502,  델타항공,DL159,DTW,도착
20200502,  카타르항공,QR858,DOH,도착
20200502,  대한항공,KE082,JFK,도착
20200502,  아시아나항공,OZ221,JFK,도착
20200502,  아시아나항공,OZ712,TPE,도착
20200502,  아시아나항공,OZ201,LAX,도착
20200502,  대한항공,KE122,SYD,도착
20200502,  대한항공,KE074,YYZ,도착
20200502,  장영항공(長榮),BR160,TPE,도착
20200502,  제주항공,7C1103,NRT,도착
20200502,  대한항공,KE704,NRT,도착
20200503,  아시아나항공,OZ211,SFO,도착
20200503,  대한항공,KE624,MNL,도착
20200503,  대한항공,KE012,LAX,도착
20200503,  대한항공,KE8122,SYD,도착
20200503,  대한항공,KE652,BKK,도착
20200503,  아시아나항공,OZ736,SGN,도착
20200503,  말레이시아항공,MH066,KUL,도착
20200503,  에티하드,EY876,AUH,지연
20200503,  가루다인도네시아,GA878,CGK,도착
20200503,  아에로멕시코,AM090,MEX,도착
20200503,  중국남방항공,CZ681,SHE,도착
20200503,  델타항공,DL3333,PVG,도착
20200503,  대한항공,KE908,LHR,도착
20200503,  네덜란드항공,KL855,AMS,도착
20200503,  에티오피안항공,ET672,ADD,도착
20200503,  델타항공,DL3331,ATL,도착
20200503,  아시아나항공,OZ101,NRT,도착
20200503,  대한항공,KE036,ATL,도착
20200503,  델타항공,DL159,DTW,도착
20200503,  카타르항공,QR858,DOH,도착
20200503,  대한항공,KE866,CAN,도착
20200503,  대한항공,KE082,JFK,도착
20200503,  아시아나항공,OZ221,JFK,도착
20200503,  아시아나항공,OZ201,LAX,도착
20200503,  아시아나항공,OZ350,NKG,지연
20200503,  장영항공(長榮),BR160,TPE,도착
20200503,  대한항공,KE704,NRT,도착
20200503,  아시아나항공,OZ203,LAX,도착
20200504,  아시아나항공,OZ223,JFK,도착
20200504,  대한항공,KE624,MNL,도착
20200504,  대한항공,KE026,SFO,도착
20200504,  대한항공,KE012,LAX,도착
20200504,  아시아나항공,OZ734,HAN,도착
20200504,  아에로멕시코,AM090,MEX,취소
20200504,  대한항공,KE652,BKK,도착
20200504,  대한항공,KE690,PNH,도착
20200504,  아시아나항공,OZ762,CGK,도착
20200504,  아시아나항공,OZ740,PNH,도착
20200504,  비엣제트 항공,VJ862,SGN,도착
20200504,  아시아나항공,OZ542,FRA,도착
20200504,  하문항공,MF871,XMN,도착
20200504,  델타항공,DL3333,PVG,도착
20200504,  네덜란드항공,KL897,AMS,도착
20200504,  에어캐나다,AC063,YVR,지연
20200504,  대한항공,KE902,CDG,도착
20200504,  델타항공,DL3329,LAX,도착
20200504,  아시아나항공,OZ101,NRT,도착
20200504,  대한항공,KE038,ORD,도착
20200504,  카타르항공,QR858,DOH,도착
20200504,  대한항공,KE866,CAN,도착
20200504,  대한항공,KE082,JFK,도착
20200504,  아시아나항공,OZ221,JFK,도착
20200504,  춘추항공,9C8569,CJU,도착
20200504,  아시아나항공,OZ201,LAX,도착
20200504,  대한항공,KE122,SYD,도착
20200504,  대한항공,KE074,YYZ,도착
20200504,  장영항공(長榮),BR160,TPE,도착
20200504,  아시아나항공,OZ7747,VDO,도착
20200504,  에티오피안항공,ET673,NRT,도착
20200504,  대한항공,KE704,NRT,도착
20200505,  아시아나항공,OZ203,LAX,도착
20200505,  아시아나항공,OZ223,JFK,도착
20200505,  대한항공,KE624,MNL,도착
20200505,  아시아나항공,OZ211,SFO,도착
20200505,  대한항공,KE012,LAX,도착
20200505,  아시아나항공,OZ734,HAN,도착
20200505,  아에로멕시코,AM090,MEX,취소
20200505,  대한항공,KE684,SGN,도착
20200505,  대한항공,KE652,BKK,도착
20200505,  아시아나항공,OZ742,BKK,도착
20200505,  중화항공,CI160,TPE,도착
20200505,  아시아나항공,OZ542,FRA,도착
20200505,  델타항공,DL3333,PVG,취소
20200505,  제주항공,7C1301,KIX,지연
20200505,  네덜란드항공,KL855,AMS,도착
20200505,  델타항공,DL3331,ATL,취소
20200505,  델타항공,DL197,SEA,도착
20200505,  미얀마국제항공,8M801,RGN,도착
20200505,  아시아나항공,OZ101,NRT,도착
20200505,  파키스탄항공,PK8872,ISB,도착
20200505,  대한항공,KE036,ATL,도착
20200505,  델타항공,DL159,DTW,도착
20200505,  카타르항공,QR858,DOH,도착
20200505,  아시아나항공,OZ221,JFK,도착
20200505,  대한항공,KE082,JFK,도착
20200505,  아시아나항공,OZ712,TPE,도착
20200505,  아시아나항공,OZ201,LAX,도착
20200505,  아시아나항공,OZ722,HKG,도착
20200505,  장영항공(長榮),BR160,TPE,도착
20200505,  제주항공,7C1103,NRT,도착
20200505,  대한항공,KE704,NRT,도착
20200505,  아시아나항공,OZ203,LAX,도착
20200506,  아시아나항공,OZ223,JFK,도착
20200506,  아시아나항공,OZ704,MNL,도착
20200506,  대한항공,KE624,MNL,도착
20200506,  대한항공,KE026,SFO,도착
20200506,  대한항공,KE012,LAX,도착
20200506,  대한항공,KE652,BKK,도착
20200506,  아시아나항공,OZ736,SGN,도착
20200506,  에티하드,EY876,AUH,도착
20200506,  이집트항공,MS3100,CAI,도착
20200506,  아시아나항공,OZ742,BKK,도착
20200506,  비엣제트 항공,VJ862,SGN,도착
20200506,  중화항공,CI160,TPE,도착
20200506,  제주항공,7C8502,WEH,지연
20200506,  네덜란드항공,KL855,AMS,도착
20200506,  에어캐나다,AC063,YVR,도착
20200506,  델타항공,DL3329,LAX,도착
20200506,  싱가폴항공,SQ600,SIN,도착
20200506,  아시아나항공,OZ101,NRT,도착
20200506,  대한항공,KE036,ATL,도착
20200506,  카타르항공,QR858,DOH,도착
20200506,  아시아나항공,OZ221,JFK,도착
20200506,  델타항공,DL3300,LAX,도착
20200506,  대한항공,KE082,JFK,도착
20200506,  아시아나항공,OZ712,TPE,도착
20200506,  아시아나항공,OZ201,LAX,도착
20200506,  장영항공(長榮),BR160,TPE,도착
20200506,  대한항공,KE704,NRT,도착
20200506,  아시아나항공,OZ203,LAX,도착
20200507,  대한항공,KE624,MNL,도착
20200507,  대한항공,KE012,LAX,도착
20200507,  아시아나항공,OZ734,HAN,도착
20200507,  아에로멕시코,AM090,MEX,도착
20200507,  대한항공,KE672,KUL,도착
20200507,  대한항공,KE684,SGN,도착
20200507,  대한항공,KE652,BKK,도착
20200507,  아시아나항공,OZ762,CGK,도착
20200507,  아시아나항공,OZ740,PNH,도착
20200507,  진에어,LJ096,JHB,도착
20200507,  중화항공,CI160,TPE,도착
20200507,  아시아나항공,OZ542,FRA,도착
20200507,  폴란드항공,LO1097,WAW,도착
20200507,  델타항공,DL3333,PVG,도착
20200507,  제주항공,7C1301,KIX,도착
20200507,  대한항공,KE908,LHR,도착
20200507,  네덜란드항공,KL855,AMS,도착
20200507,  델타항공,DL3331,ATL,도착
20200507,  델타항공,DL197,SEA,도착
20200507,  아시아나항공,OZ522,LHR,도착
20200507,  아시아나항공,OZ101,NRT,도착
20200507,  대한항공,KE038,ORD,도착
20200507,  델타항공,DL159,DTW,지연
20200507,  카타르항공,QR858,DOH,도착
20200507,  대한항공,KE082,JFK,도착
20200507,  아시아나항공,OZ221,JFK,도착
20200507,  아시아나항공,OZ712,TPE,도착
20200507,  아시아나항공,OZ201,LAX,도착
20200507,  장영항공(長榮),BR160,TPE,도착
20200507,  제주항공,7C3101,GUM,도착
20200507,  대한항공,KE704,NRT,도착
20200507,  중화항공,CI162,TPE,도착
20200507,  아시아나항공,OZ203,LAX,도착
20200508,  대한항공,KE624,MNL,도착
20200508,  아시아나항공,OZ211,SFO,도착
20200508,  아시아나항공,OZ704,MNL,도착
20200508,  대한항공,KE012,LAX,도착
20200508,  베트남항공,VN6418,HAN,도착
20200508,  아에로멕시코,AM090,MEX,취소
20200508,  대한항공,KE684,SGN,도착
20200508,  대한항공,KE652,BKK,도착
20200508,  아시아나항공,OZ736,SGN,도착
20200508,  말레이시아항공,MH066,KUL,도착
20200508,  에티하드,EY876,AUH,도착
20200508,  가루다인도네시아,GA878,CGK,도착
20200508,  대한항공,KE646,SIN,도착
20200508,  아시아나항공,OZ742,BKK,도착
20200508,  비엣제트 항공,VJ862,SGN,도착
20200508,  중화항공,CI160,TPE,도착
20200508,  중국국제항공,CA123,PEK,도착
20200508,  아시아나항공,OZ542,FRA,도착
20200508,  중국동방항공,MU5041,PVG,도착
20200508,  산동항공,SC4087,TAO,도착
20200508,  델타항공,DL3333,PVG,도착
20200508,  대한항공,KE832,SHE,도착
20200508,  대한항공,KE902,CDG,도착
20200508,  델타항공,DL3331,ATL,도착
20200508,  미얀마국제항공,8M801,RGN,도착
20200508,  아시아나항공,OZ205,LAX,도착
20200508,  아시아나항공,OZ101,NRT,도착
20200508,  대한항공,KE036,ATL,도착
20200508,  델타항공,DL159,DTW,도착
20200508,  카타르항공,QR858,DOH,도착
20200508,  아시아나항공,OZ221,JFK,도착
20200508,  대한항공,KE082,JFK,도착
20200508,  아시아나항공,OZ712,TPE,도착
20200508,  아시아나항공,OZ201,LAX,도착
20200508,  아시아나항공,OZ722,HKG,도착
20200508,  장영항공(長榮),BR160,TPE,도착
20200508,  대한항공,KE704,NRT,도착
20200508,  아시아나항공,OZ203,LAX,도착
20200509,  아시아나항공,OZ704,MNL,도착
20200509,  대한항공,KE624,MNL,도착
20200509,  대한항공,KE026,SFO,도착
20200509,  대한항공,KE012,LAX,도착
20200509,  시베리아 항공,S75791,OVB,취소
20200509,  아에로멕시코,AM090,MEX,취소
20200509,  아시아나항공,OZ6023,SYD,도착
20200509,  대한항공,KE652,BKK,도착
20200509,  대한항공,KE690,PNH,도착
20200509,  라오항공,QV921,VTE,도착
20200509,  아시아나항공,OZ762,CGK,도착
20200509,  아시아나항공,OZ740,PNH,도착
20200509,  중화항공,CI160,TPE,도착
20200509,  아시아나항공,OZ542,FRA,도착
20200509,  델타항공,DL3333,PVG,도착
20200509,  에어마카오,NX822,MFM,도착
20200509,  제주항공,7C1301,KIX,도착
20200509,  시베리아 항공,S76271,VVO,취소
20200509,  네덜란드항공,KL855,AMS,도착
20200509,  에어캐나다,AC063,YVR,도착
20200509,  델타항공,DL3329,LAX,도착
20200509,  델타항공,DL197,SEA,도착
20200509,  싱가폴항공,SQ600,SIN,도착
20200509,  아시아나항공,OZ101,NRT,도착
20200509,  대한항공,KE038,ORD,도착
20200509,  델타항공,DL159,DTW,도착
20200509,  카타르항공,QR858,DOH,도착
20200509,  아시아나항공,OZ221,JFK,도착
20200509,  대한항공,KE082,JFK,도착
20200509,  아시아나항공,OZ712,TPE,도착
20200509,  아시아나항공,OZ201,LAX,도착
20200509,  장영항공(長榮),BR160,TPE,도착
20200509,  청도항공,QW9901,TAO,도착
20200509,  제주항공,7C1103,NRT,도착
20200509,  대한항공,KE704,NRT,도착
20200509,  시베리아 항공,S76273,VVO,취소
20200510,  아시아나항공,OZ211,SFO,계획
20200510,  대한항공,KE624,MNL,계획
20200510,  대한항공,KE012,LAX,계획
20200510,  아에로멕시코,AM090,MEX,계획
20200510,  시베리아 항공,S75791,OVB,계획
20200510,  대한항공,KE652,BKK,계획
20200510,  아시아나항공,OZ736,SGN,계획
20200510,  말레이시아항공,MH066,KUL,계획
20200510,  에티하드,EY876,AUH,계획
20200510,  가루다인도네시아,GA878,CGK,계획
20200510,  중화항공,CI160,TPE,계획
20200510,  중국남방항공,CZ681,SHE,계획
20200510,  중국국제항공,CA561,PEK,계획
20200510,  델타항공,DL3333,PVG,계획
20200510,  아시아나항공,OZ304,CGQ,계획
20200510,  대한항공,KE908,LHR,계획
20200510,  시베리아 항공,S76271,VVO,계획
20200510,  네덜란드항공,KL855,AMS,계획
20200510,  에티오피안항공,ET672,ADD,계획
20200510,  델타항공,DL3331,ATL,계획
20200510,  우즈베키스탄항공,HY3595,TAS,계획
20200510,  아시아나항공,OZ101,NRT,계획
20200510,  대한항공,KE036,ATL,계획
20200510,  델타항공,DL159,DTW,계획
20200510,  카타르항공,QR858,DOH,계획
20200510,  대한항공,KE082,JFK,계획
20200510,  아시아나항공,OZ221,JFK,계획
20200510,  아시아나항공,OZ201,LAX,계획
20200510,  장영항공(長榮),BR160,TPE,계획
20200510,  대한항공,KE704,NRT,계획
20200510,  시베리아 항공,S76273,VVO,계획
20200510,  시베리아 항공,S76303,IKT,계획
20200510,  아시아나항공,OZ203,LAX,계획
20200510,  에티오피안항공,ET673,NRT,계획
20200511,  대한항공,KE624,MNL,계획
20200511,  대한항공,KE026,SFO,계획
20200511,  대한항공,KE012,LAX,계획
20200511,  아시아나항공,OZ734,HAN,계획
20200511,  아에로멕시코,AM090,MEX,계획
20200511,  타이항공,TG658,BKK,계획
20200511,  대한항공,KE652,BKK,계획
20200511,  대한항공,KE690,PNH,계획
20200511,  아시아나항공,OZ762,CGK,계획
20200511,  아시아나항공,OZ740,PNH,계획
20200511,  비엣제트 항공,VJ862,SGN,계획
20200511,  아시아나항공,OZ542,FRA,계획
20200511,  하문항공,MF871,XMN,계획
20200511,  델타항공,DL3333,PVG,계획
20200511,  시베리아 항공,S76271,VVO,계획
20200511,  네덜란드항공,KL855,AMS,계획
20200511,  대한항공,KE902,CDG,계획
20200511,  델타항공,DL3329,LAX,계획
20200511,  아시아나항공,OZ205,LAX,계획
20200511,  아시아나항공,OZ101,NRT,계획
20200511,  시베리아 항공,S76301,IKT,계획
20200511,  대한항공,KE038,ORD,계획
20200511,  에티오피안항공,ET672,ADD,계획
20200511,  카타르항공,QR858,DOH,계획
20200511,  아시아나항공,OZ221,JFK,계획
20200511,  대한항공,KE082,JFK,계획
20200511,  춘추항공,9C8569,CJU,계획
20200511,  아시아나항공,OZ201,LAX,계획
20200511,  진에어,LJ714,CEB,계획
20200511,  장영항공(長榮),BR160,TPE,계획
20200511,  대한항공,KE704,NRT,계획
20200511,  시베리아 항공,S76273,VVO,계획
20200511,  시베리아 항공,S75793,OVB,계획
20200511,  에티오피안항공,ET673,NRT,계획
20200512,  아시아나항공,OZ211,SFO,계획
20200512,  대한항공,KE624,MNL,계획
20200512,  대한항공,KE9656,DAC,계획
20200512,  대한항공,KE012,LAX,계획
20200512,  아시아나항공,OZ734,HAN,계획
20200512,  아에로멕시코,AM090,MEX,계획
20200512,  대한항공,KE684,SGN,계획
20200512,  대한항공,KE652,BKK,계획
20200512,  라오항공,QV921,VTE,계획
20200512,  아시아나항공,OZ742,BKK,계획
20200512,  중화항공,CI160,TPE,계획
20200512,  아시아나항공,OZ542,FRA,계획
20200512,  델타항공,DL3333,PVG,계획
20200512,  제주항공,7C1301,KIX,계획
20200512,  시베리아 항공,S76271,VVO,계획
20200512,  델타항공,DL3331,ATL,계획
20200512,  델타항공,DL197,SEA,계획
20200512,  아시아나항공,OZ101,NRT,계획
20200512,  에티오피안항공,ET672,ADD,계획
20200512,  대한항공,KE036,ATL,계획
20200512,  델타항공,DL159,DTW,계획
20200512,  카타르항공,QR858,DOH,계획
20200512,  대한항공,KE082,JFK,계획
20200512,  아시아나항공,OZ221,JFK,계획
20200512,  아시아나항공,OZ712,TPE,계획
20200512,  아시아나항공,OZ201,LAX,계획
20200512,  아시아나항공,OZ722,HKG,계획
20200512,  장영항공(長榮),BR160,TPE,계획
20200512,  제주항공,7C1103,NRT,계획
20200512,  대한항공,KE704,NRT,계획
20200512,  시베리아 항공,S76273,VVO,계획
20200512,  아시아나항공,OZ203,LAX,계획
20200512,  에티오피안항공,ET673,NRT,계획
20200513,  대한항공,KE624,MNL,계획
20200513,  아시아나항공,OZ704,MNL,계획
20200513,  대한항공,KE026,SFO,계획
20200513,  대한항공,KE012,LAX,계획
20200513,  아시아나항공,OZ6023,SYD,계획
20200513,  아에로멕시코,AM090,MEX,계획
20200513,  대한항공,KE652,BKK,계획
20200513,  아시아나항공,OZ736,SGN,계획
20200513,  에티하드,EY876,AUH,계획
20200513,  아시아나항공,OZ742,BKK,계획
20200513,  시베리아 항공,S75791,OVB,계획
20200513,  비엣제트 항공,VJ862,SGN,계획
20200513,  중화항공,CI160,TPE,계획
20200513,  델타항공,DL3333,PVG,계획
20200513,  제주항공,7C8502,WEH,계획
20200513,  시베리아 항공,S76271,VVO,계획
20200513,  네덜란드항공,KL855,AMS,계획
20200513,  에어캐나다,AC063,YVR,계획
20200513,  델타항공,DL3329,LAX,계획
20200513,  싱가폴항공,SQ600,SIN,계획
20200513,  아시아나항공,OZ101,NRT,계획
20200513,  에티오피안항공,ET672,ADD,계획
20200513,  대한항공,KE036,ATL,계획
20200513,  카타르항공,QR858,DOH,계획
20200513,  대한항공,KE082,JFK,계획
20200513,  아시아나항공,OZ221,JFK,계획
20200513,  델타항공,DL3300,LAX,계획
20200513,  아시아나항공,OZ712,TPE,계획
20200513,  아시아나항공,OZ201,LAX,계획
20200513,  장영항공(長榮),BR160,TPE,계획
20200513,  아시아나항공,OZ207,LAX,계획
20200513,  대한항공,KE704,NRT,계획
20200513,  시베리아 항공,S76273,VVO,계획
20200513,  에티오피안항공,ET673,NRT,계획
20200514,  대한항공,KE624,MNL,계획
20200514,  대한항공,KE012,LAX,계획
20200514,  아시아나항공,OZ734,HAN,계획
20200514,  아에로멕시코,AM090,MEX,계획
20200514,  대한항공,KE684,SGN,계획
20200514,  대한항공,KE652,BKK,계획
20200514,  라오항공,QV921,VTE,계획
20200514,  아시아나항공,OZ762,CGK,계획
20200514,  아시아나항공,OZ740,PNH,계획
20200514,  중화항공,CI160,TPE,계획
20200514,  아시아나항공,OZ542,FRA,계획
20200514,  델타항공,DL3333,PVG,계획
20200514,  제주항공,7C1301,KIX,계획
20200514,  대한항공,KE908,LHR,계획
20200514,  시베리아 항공,S76271,VVO,계획
20200514,  델타항공,DL197,SEA,계획
20200514,  델타항공,DL3331,ATL,계획
20200514,  아시아나항공,OZ522,LHR,계획
20200514,  아시아나항공,OZ101,NRT,계획
20200514,  대한항공,KE038,ORD,계획
20200514,  델타항공,DL159,DTW,계획
20200514,  카타르항공,QR858,DOH,계획
20200514,  아시아나항공,OZ221,JFK,계획
20200514,  대한항공,KE082,JFK,계획
20200514,  아시아나항공,OZ712,TPE,계획
20200514,  아시아나항공,OZ201,LAX,계획
20200514,  장영항공(長榮),BR160,TPE,계획
20200514,  아시아나항공,OZ207,LAX,계획
20200514,  대한항공,KE704,NRT,계획
20200514,  아시아나항공,OZ203,LAX,계획
20200515,  아시아나항공,OZ211,SFO,계획
20200515,  대한항공,KE624,MNL,계획
20200515,  아시아나항공,OZ704,MNL,계획
20200515,  대한항공,KE012,LAX,계획
20200515,  아에로멕시코,AM090,MEX,계획
20200515,  대한항공,KE684,SGN,계획
20200515,  대한항공,KE652,BKK,계획
20200515,  라오항공,QV921,VTE,계획
20200515,  아시아나항공,OZ736,SGN,계획
20200515,  말레이시아항공,MH066,KUL,계획
20200515,  에티하드,EY876,AUH,계획
20200515,  가루다인도네시아,GA878,CGK,계획
20200515,  대한항공,KE646,SIN,계획
20200515,  아시아나항공,OZ742,BKK,계획
20200515,  비엣제트 항공,VJ862,SGN,계획
20200515,  중화항공,CI160,TPE,계획
20200515,  중국국제항공,CA123,PEK,계획
20200515,  아시아나항공,OZ542,FRA,계획
20200515,  중국동방항공,MU5041,PVG,계획
20200515,  산동항공,SC4087,TAO,계획
20200515,  대한항공,KE832,SHE,계획
20200515,  델타항공,DL3333,PVG,계획
20200515,  제주항공,7C1301,KIX,계획
20200515,  시베리아 항공,S76271,VVO,계획
20200515,  에어캐나다,AC063,YVR,계획
20200515,  대한항공,KE902,CDG,계획
20200515,  델타항공,DL3331,ATL,계획
20200515,  미얀마국제항공,8M801,RGN,계획
20200515,  아시아나항공,OZ205,LAX,계획
20200515,  아시아나항공,OZ101,NRT,계획
20200515,  시베리아 항공,S76301,IKT,계획
20200515,  에티오피안항공,ET672,ADD,계획
20200515,  대한항공,KE036,ATL,계획
20200515,  델타항공,DL159,DTW,계획
20200515,  카타르항공,QR858,DOH,계획
20200515,  대한항공,KE082,JFK,계획
20200515,  아시아나항공,OZ221,JFK,계획
20200515,  아시아나항공,OZ712,TPE,계획
20200515,  아시아나항공,OZ201,LAX,계획
20200515,  아시아나항공,OZ722,HKG,계획
20200515,  장영항공(長榮),BR160,TPE,계획
20200515,  제주항공,7C2508,BKI,계획
20200515,  대한항공,KE704,NRT,계획
20200515,  제주항공,7C1103,NRT,계획
20200515,  시베리아 항공,S76273,VVO,계획
20200515,  아시아나항공,OZ203,LAX,계획
20200515,  에티오피안항공,ET673,NRT,계획
20200516,  대한항공,KE624,MNL,계획
20200516,  아시아나항공,OZ704,MNL,계획
20200516,  대한항공,KE026,SFO,계획
20200516,  대한항공,KE012,LAX,계획
20200516,  시베리아 항공,S75791,OVB,계획
20200516,  아에로멕시코,AM090,MEX,계획
20200516,  대한항공,KE672,KUL,계획
20200516,  대한항공,KE652,BKK,계획
20200516,  대한항공,KE690,PNH,계획
20200516,  라오항공,QV921,VTE,계획
20200516,  아시아나항공,OZ762,CGK,계획
20200516,  싱가폴항공,SQ608,SIN,계획
20200516,  비엣제트 항공,VJ862,SGN,계획
20200516,  에어아스타나항공,KC909,ALA,계획
20200516,  싱가폴항공,SQ612,SIN,계획
20200516,  중화항공,CI160,TPE,계획
20200516,  에티하드,EY876,AUH,계획
20200516,  아시아나항공,OZ542,FRA,계획
20200516,  델타항공,DL3333,PVG,계획
20200516,  에어마카오,NX822,MFM,계획
20200516,  제주항공,7C1301,KIX,계획
20200516,  시베리아 항공,S76271,VVO,계획
20200516,  네덜란드항공,KL855,AMS,계획
20200516,  에어캐나다,AC063,YVR,계획
20200516,  델타항공,DL3329,LAX,계획
20200516,  델타항공,DL197,SEA,계획
20200516,  싱가폴항공,SQ600,SIN,계획
20200516,  홍콩항공,HX628,HKG,계획
20200516,  아시아나항공,OZ205,LAX,계획
20200516,  아시아나항공,OZ101,NRT,계획
20200516,  대한항공,KE038,ORD,계획
20200516,  델타항공,DL159,DTW,계획
20200516,  카타르항공,QR858,DOH,계획
20200516,  대한항공,KE082,JFK,계획
20200516,  아시아나항공,OZ221,JFK,계획
20200516,  아시아나항공,OZ712,TPE,계획
20200516,  아시아나항공,OZ201,LAX,계획
20200516,  장영항공(長榮),BR160,TPE,계획
20200516,  청도항공,QW9901,TAO,계획
20200516,  대한항공,KE704,NRT,계획
20200516,  제주항공,7C1103,NRT,계획
20200516,  비엣제트 항공,VJ860,SGN,계획
20200516,  시베리아 항공,S76273,VVO,계획
20200516,  비엣제트 항공,VJ874,DAD,계획
20200516,  싱가폴항공,SQ602,SIN,계획
20200516,  비엣제트 항공,VJ838,CXR,계획
20200516,  비엣제트 항공,VJ974,PQC,계획
20200516,  아시아나항공,OZ203,LAX,계획
20200516,  비엣제트 항공,VJ944,DLI,계획
20200517,  비엣제트 항공,VJ954,VCA,계획
20200517,  비엣제트 항공,VJ840,CXR,계획
20200517,  비엣제트 항공,VJ978,PQC,계획
20200517,  비엣제트 항공,VJ836,CXR,계획
20200517,  비엣제트 항공,VJ880,DAD,계획
20200517,  아시아나항공,OZ211,SFO,계획
20200517,  대한항공,KE624,MNL,계획
20200517,  대한항공,KE012,LAX,계획
20200517,  비엣제트 항공,VJ962,HAN,계획
20200517,  비엣제트 항공,VJ864,SGN,계획
20200517,  아에로멕시코,AM090,MEX,계획
20200517,  시베리아 항공,S75791,OVB,계획
20200517,  비엣제트 항공,VJ878,DAD,계획
20200517,  비엣제트 항공,VJ926,HPH,계획
20200517,  대한항공,KE652,BKK,계획
20200517,  대한항공,KE628,CGK,계획
20200517,  아시아나항공,OZ736,SGN,계획
20200517,  말레이시아항공,MH066,KUL,계획
20200517,  싱가폴항공,SQ608,SIN,계획
20200517,  비엣제트 항공,VJ960,HAN,계획
20200517,  가루다인도네시아,GA878,CGK,계획
20200517,  에어아스타나항공,KC959,ALA,계획
20200517,  비엣제트 항공,VJ862,SGN,계획
20200517,  싱가폴항공,SQ612,SIN,계획
20200517,  중화항공,CI160,TPE,계획
20200517,  중국남방항공,CZ681,SHE,계획
20200517,  에티하드,EY876,AUH,계획
20200517,  델타항공,DL3333,PVG,계획
20200517,  제주항공,7C1301,KIX,계획
20200517,  아시아나항공,OZ304,CGQ,계획
20200517,  대한항공,KE908,LHR,계획
20200517,  시베리아 항공,S76271,VVO,계획
20200517,  에티오피안항공,ET672,ADD,계획
20200517,  에어캐나다,AC063,YVR,계획
20200517,  델타항공,DL3331,ATL,계획
20200517,  싱가폴항공,SQ600,SIN,계획
20200517,  아시아나항공,OZ205,LAX,계획
20200517,  아시아나항공,OZ101,NRT,계획
20200517,  대한항공,KE036,ATL,계획
20200517,  델타항공,DL159,DTW,계획
20200517,  카타르항공,QR858,DOH,계획
20200517,  아시아나항공,OZ221,JFK,계획
20200517,  대한항공,KE082,JFK,계획
20200517,  아시아나항공,OZ201,LAX,계획
20200517,  장영항공(長榮),BR160,TPE,계획
20200517,  대한항공,KE704,NRT,계획
20200517,  제주항공,7C1103,NRT,계획
20200517,  시베리아 항공,S76273,VVO,계획
20200517,  비엣제트 항공,VJ874,DAD,계획
20200517,  싱가폴항공,SQ602,SIN,계획
20200517,  비엣제트 항공,VJ838,CXR,계획
20200517,  비엣제트 항공,VJ974,PQC,계획
20200517,  시베리아 항공,S76303,IKT,계획
20200517,  아시아나항공,OZ203,LAX,계획
20200517,  에티오피안항공,ET673,NRT,계획
20200517,  비엣제트 항공,VJ944,DLI,계획
20200518,  비엣제트 항공,VJ954,VCA,계획
20200518,  비엣제트 항공,VJ840,CXR,계획
20200518,  비엣제트 항공,VJ978,PQC,계획
20200518,  비엣제트 항공,VJ836,CXR,계획
20200518,  대한항공,KE624,MNL,계획
20200518,  비엣제트 항공,VJ880,DAD,계획
20200518,  대한항공,KE026,SFO,계획
20200518,  대한항공,KE012,LAX,계획
20200518,  비엣제트 항공,VJ962,HAN,계획
20200518,  비엣제트 항공,VJ864,SGN,계획
20200518,  아시아나항공,OZ734,HAN,계획
20200518,  비엣제트 항공,VJ878,DAD,계획
20200518,  아에로멕시코,AM090,MEX,계획
20200518,  비엣제트 항공,VJ926,HPH,계획
20200518,  대한항공,KE652,BKK,계획
20200518,  대한항공,KE690,PNH,계획
20200518,  라오항공,QV921,VTE,계획
20200518,  대한항공,KE628,CGK,계획
20200518,  아시아나항공,OZ762,CGK,계획
20200518,  아시아나항공,OZ740,PNH,계획
20200518,  영국항공,BA17,LHR,계획
20200518,  싱가폴항공,SQ608,SIN,계획
20200518,  비엣제트 항공,VJ960,HAN,계획
20200518,  비엣제트 항공,VJ862,SGN,계획
20200518,  에어아스타나항공,KC909,ALA,계획
20200518,  싱가폴항공,SQ612,SIN,계획
20200518,  에어인디아,AI312,DEL,계획
20200518,  에티하드,EY876,AUH,계획
20200518,  아시아나항공,OZ542,FRA,계획
20200518,  폴란드항공,LO1097,WAW,계획
20200518,  하문항공,MF871,XMN,계획
20200518,  델타항공,DL3333,PVG,계획
20200518,  제주항공,7C1301,KIX,계획
20200518,  시베리아 항공,S76271,VVO,계획
20200518,  네덜란드항공,KL855,AMS,계획
20200518,  에어캐나다,AC063,YVR,계획
20200518,  대한항공,KE902,CDG,계획
20200518,  델타항공,DL3329,LAX,계획
20200518,  싱가폴항공,SQ600,SIN,계획
20200518,  홍콩항공,HX628,HKG,계획
20200518,  아시아나항공,OZ205,LAX,계획
20200518,  아시아나항공,OZ101,NRT,계획
20200518,  시베리아 항공,S76301,IKT,계획
20200518,  대한항공,KE038,ORD,계획
20200518,  에티오피안항공,ET672,ADD,계획
20200518,  카타르항공,QR858,DOH,계획
20200518,  아시아나항공,OZ221,JFK,계획
20200518,  대한항공,KE082,JFK,계획
20200518,  춘추항공,9C8569,CJU,계획
20200518,  아시아나항공,OZ201,LAX,계획
20200518,  장영항공(長榮),BR160,TPE,계획
20200518,  제주항공,7C4206,CNX,계획
20200518,  대한항공,KE704,NRT,계획
20200518,  비엣제트 항공,VJ860,SGN,계획
20200518,  제주항공,7C1103,NRT,계획
20200518,  시베리아 항공,S76273,VVO,계획
20200518,  시베리아 항공,S75793,OVB,계획
20200518,  비엣제트 항공,VJ874,DAD,계획
20200518,  싱가폴항공,SQ602,SIN,계획
20200518,  비엣제트 항공,VJ974,PQC,계획
20200518,  비엣제트 항공,VJ838,CXR,계획
20200518,  아시아나항공,OZ203,LAX,계획
20200518,  에티오피안항공,ET673,NRT,계획
20200518,  비엣제트 항공,VJ944,DLI,계획
20200519,  비엣제트 항공,VJ954,VCA,계획
20200519,  비엣제트 항공,VJ840,CXR,계획
20200519,  비엣제트 항공,VJ978,PQC,계획
20200519,  비엣제트 항공,VJ836,CXR,계획
20200519,  비엣제트 항공,VJ880,DAD,계획
20200519,  아시아나항공,OZ211,SFO,계획
20200519,  대한항공,KE624,MNL,계획
20200519,  대한항공,KE012,LAX,계획
20200519,  비엣제트 항공,VJ962,HAN,계획
20200519,  비엣제트 항공,VJ864,SGN,계획
20200519,  아시아나항공,OZ734,HAN,계획
20200519,  비엣제트 항공,VJ878,DAD,계획
20200519,  아에로멕시코,AM090,MEX,계획
20200519,  비엣제트 항공,VJ926,HPH,계획
20200519,  대한항공,KE684,SGN,계획
20200519,  대한항공,KE652,BKK,계획
20200519,  라오항공,QV921,VTE,계획
20200519,  대한항공,KE628,CGK,계획
20200519,  영국항공,BA17,LHR,계획
20200519,  싱가폴항공,SQ608,SIN,계획
20200519,  비엣제트 항공,VJ960,HAN,계획
20200519,  아시아나항공,OZ742,BKK,계획
20200519,  비엣제트 항공,VJ862,SGN,계획
20200519,  에어아스타나항공,KC209,TSE,계획
20200519,  싱가폴항공,SQ612,SIN,계획
20200519,  에어인디아,AI312,DEL,계획
20200519,  중화항공,CI160,TPE,계획
20200519,  에티하드,EY876,AUH,계획
20200519,  아시아나항공,OZ542,FRA,계획
20200519,  델타항공,DL3333,PVG,계획
20200519,  제주항공,7C1301,KIX,계획
20200519,  시베리아 항공,S76271,VVO,계획
20200519,  네덜란드항공,KL855,AMS,계획
20200519,  에어캐나다,AC063,YVR,계획
20200519,  델타항공,DL197,SEA,계획
20200519,  델타항공,DL3331,ATL,계획
20200519,  싱가폴항공,SQ600,SIN,계획
20200519,  아시아나항공,OZ205,LAX,계획
20200519,  홍콩항공,HX628,HKG,계획
20200519,  아시아나항공,OZ101,NRT,계획
20200519,  에티오피안항공,ET672,ADD,계획
20200519,  대한항공,KE036,ATL,계획
20200519,  델타항공,DL159,DTW,계획
20200519,  카타르항공,QR858,DOH,계획
20200519,  아시아나항공,OZ221,JFK,계획
20200519,  대한항공,KE082,JFK,계획
20200519,  아시아나항공,OZ712,TPE,계획
20200519,  아시아나항공,OZ201,LAX,계획
20200519,  아시아나항공,OZ722,HKG,계획
20200519,  장영항공(長榮),BR160,TPE,계획
20200519,  비엣제트 항공,VJ860,SGN,계획
20200519,  대한항공,KE704,NRT,계획
20200519,  제주항공,7C1103,NRT,계획
20200519,  시베리아 항공,S76273,VVO,계획
20200519,  비엣제트 항공,VJ874,DAD,계획
20200519,  싱가폴항공,SQ602,SIN,계획
20200519,  비엣제트 항공,VJ974,PQC,계획
20200519,  비엣제트 항공,VJ838,CXR,계획
20200519,  아시아나항공,OZ203,LAX,계획
20200519,  에티오피안항공,ET673,NRT,계획
20200519,  비엣제트 항공,VJ944,DLI,계획
